,OBJECTID_1,OBJECTID,Op_Initial,OSE_File,POD_nbr,Ditch_Name,River_src,Field_ID,Photo_ID,Comments,Northing,Easting,Edit_Date,Photos,Weblink,Gauge_name,Basin,link,Number_,Suffix,Meter_type,Meter_stat,Percent_pr,Jurisdicti,Latitude,Longitude,lat_ddd,long_ddd,SW_or_GW,name
104,104,233,JM,RG 09513,9513,NPT GW Monitoring,NA,NA,NA,DOL,3973501.175,401264.0294,10/7/09,NA,NA,4.41,RG,,NA,NA,Check Meter Manually,Completed construction and operable,100,OSE,"35° 54' 2.962"" N","106° 5' 38.845"" W",35.9008227,-106.0941236,G,4.41
100,100,229,JM,RG 09936,9936,NPT GW Monitoring,NA,NA,NA,DOL,3972316.562,402256.4887,10/7/09,NA,NA,5.51,RG,,NA,NA,Check Meter Manually,Completed construction and operable,100,OSE,"35° 53' 24.877"" N","106° 4' 58.736"" W",35.89024371,-106.0829821,G,5.51
111,111,240,JM,RG 90588,90588,NPT GW Monitoring,NA,NA,NA,DOL,3972356.109,411233.1492,10/7/09,NA,NA,10.106,RG,,NA,NA,Check Meter Manually,Completed construction and operable,100,OSE,"35° 53' 29.241"" N","105° 59' 0.746"" W",35.89145582,-105.9835404,G,10.106
121,121,250,JM,RG 90589,90589,NPT GW Monitoring,NA,NA,NA,DOL,3972269.853,411268.3133,10/7/09,NA,NA,10.14,RG,,NA,NA,Check Meter Manually,Completed construction and operable,100,OSE,"35° 53' 26.453"" N","105° 58' 59.309"" W",35.89068143,-105.9831413,G,10.14
107,107,236,JM,RG 00374,374,NPT GW Monitoring,NA,NA,NA,DOL,3972365.184,406342.1558,10/7/09,NA,NA,19.8,RG,,NA,NA,Check Meter Manually,Completed construction and operable,100,OSE,"35° 53' 27.894"" N","106° 2' 15.814"" W",35.89108165,-106.0377261,G,19.8
123,124,253,JM,RG 39175,39175,NPT GW Monitoring,NA,NA,NA,DOM,3973056.372,408299.1677,10/7/09,NA,NA,39175,RG,,NA,NA,Check Meter Manually,Completed construction and operable,100,OSE,"35° 53' 50.992"" N","106° 0' 58.051"" W",35.89749787,-106.0161252,G,39175
124,125,254,JM,RG 39888,39888,NPT GW Monitoring,NA,NA,NA,DOM,3972886.933,407661.2575,10/7/09,NA,NA,39888,RG,,NA,NA,Check Meter Manually,Completed construction and operable,100,OSE,"35° 53' 45.278"" N","106° 1' 23.423"" W",35.89591042,-106.0231732,G,39888
114,114,243,JM,RG 41995,41995,NPT GW Monitoring - Radio (soon),NA,NA,NA,DOM,3973632.382,408305.0402,10/7/09,NA,NA,41995,RG,,NA,NA,RadioTower,Completed construction and operable,80,OSE,"35° 54' 9.687"" N","106° 0' 58.056"" W",35.90269096,-106.0161265,G,41995
128,129,258,JM,RG 47969,47969,NPT GW Monitoring,NA,NA,NA,DOM,3972351.643,402006.245,10/7/09,NA,NA,47969,RG,,NA,NA,Check Meter Manually,Completed construction and operable,100,OSE,"35° 53' 25.926"" N","106° 5' 8.731"" W",35.89053491,-106.0857587,G,47969
129,130,259,JM,RG 53887,53887,NPT GW Monitoring,NA,NA,NA,DOM,3972648.495,412064.3282,10/7/09,NA,NA,53887,RG,,NA,NA,Check Meter Manually,Completed construction and operable,100,OSE,"35° 53' 39.000"" N","105° 58' 27.712"" W",35.89416668,-105.9743644,G,53887
130,131,260,JM,RG 57351,57351,NPT GW Monitoring,NA,NA,NA,SAN,3973384.032,407657.9856,10/7/09,NA,NA,57351,RG,,NA,NA,Check Meter Manually,Completed construction and operable,100,OSE,"35° 54' 1.409"" N","106° 1' 23.762"" W",35.90039129,-106.0232671,G,57351
115,115,244,JM,RG 67916,67916,NPT GW Monitoring,NA,NA,NA,DOM,3973483.485,409018.0432,10/7/09,NA,NA,67916,RG,,NA,NA,Check Meter Manually,Completed construction and operable,100,OSE,"35° 54' 5.095"" N","106° 0' 29.554"" W",35.9014153,-106.0082094,G,67916
108,108,237,JM,RG 00692,692,NPT GW Monitoring,NA,NA,NA,DOL,3972566.008,401397.5425,10/7/09,NA,NA,"4.60, 4.77 & 4.77B",RG,,NA,NA,Check Meter Manually,Completed construction and operable,100,OSE,"35° 53' 32.662"" N","106° 5' 33.102"" W",35.89240614,-106.0925285,G,"4.60, 4.77 & 4.77B"
122,122,251,JM,RG 07781 A,7781,NPT GW Monitoring,NA,NA,NA,IRR,3972112.628,403530.0879,10/7/09,NA,NA,5.15A,RG,,NA,A,Check Meter Manually,Completed construction and operable,100,OSE,"35° 53' 18.714"" N","106° 4' 7.854"" W",35.88853174,-106.0688484,G,5.15A
140,143,272,JM,RG 18389,18389,NPT GW Monitoring,NA,NA,NA,DOM,3972014.469,403417.4778,10/7/09,NA,NA,5.19-5.19A,RG,,NA,NA,Check Meter Manually,Completed construction and operable,100,OSE,"35° 53' 15.489"" N","106° 4' 12.302"" W",35.88763577,-106.0700839,G,5.19-5.19A
98,98,227,JM,RG 55022 -X,55022,NPT GW Monitoring - Radio (soon),NA,NA,NA,DOM,3971630.676,403889.0438,10/7/09,NA,NA,55022-X,RG,,NA,#NAME?,RadioTower,Completed construction and operable,100,OSE,"35° 53' 3.201"" N","106° 3' 53.329"" W",35.88422248,-106.0648137,G,55022-X
31,31,103,BW,NA,NA,Abeyta Trujillo,Ch,NA,NA,Fair Functional,4010717.121,375170.0019,10/7/09,NA,NA,Abeyta Trujillo,NA,http://meas.ose.state.nm.us/site.jsp?id=118&status=Y&type=S&dist=6&basin=Lower Chama,NA,NA,Manual,Functional_needs_repair,100,OSE,"36° 13' 59.791"" N","106° 23' 20.750"" W",36.23327532,-106.3890972,S,Abeyta Trujillo
16,16,78,jt,ancon jaco,NA,Acequia Ancon de Jacona,N,nambe,<Null>,Ancon de Jacona,3972662.197,406239.5441,10/7/09,NA,NA,Acequia Ancon de Jacona,NA,http://meas.ose.state.nm.us/site.jsp?id=1&status=Y&type=S&dist=6&basin=NPT,NA,flume,Radio,Complete,100,OSE,"35° 53' 37.497"" N","106° 2' 20.032"" W",35.89374927,-106.0388979,S,Acequia Ancon de Jacona
24,24,86,jt,baran alto,NA,Acequia Baranco Alto,N,nambe,<Null>,Acequia Baranco Alto,3972899.292,407744.893,10/7/09,NA,NA,Acequia Baranco Alto,NA,http://meas.ose.state.nm.us/site.jsp?id=3&status=Y&type=S&dist=6&basin=NPT,NA,flume,Radio,Complete,100,OSE,"35° 53' 45.707"" N","106° 1' 20.093"" W",35.89602973,-106.022248,S,Acequia Baranco Alto
19,19,81,jt,barranco,NA,Acequia Barranco de Jacona,P,pojoaque,<Null>,Barranco de Jacona,3972043.783,405187.5842,10/7/09,NA,NA,Acequia Barranco de Jacona,NA,,NA,flume,Radio,Complete,100,OSE,"35° 53' 17.063"" N","106° 3' 1.723"" W",35.88807315,-106.0504786,S,Acequia Barranco de Jacona
44,44,116,BW,NA,NA,Acequia Chili,Ch,NA,NA,needs replacement - still adequate functionality,3997487.214,396073.6213,10/7/09,NA,NA,Acequia Chili,NA,http://meas.ose.state.nm.us/site.jsp?id=120&status=Y&type=S&dist=6&basin=Lower Chama,NA,NA,Manual,Functional_needs_repair,0,OSE,"36° 6' 59.391"" N","106° 9' 17.205"" W",36.11649751,-106.1547792,S,Acequia Chili
46,46,118,BW,NA,NA,Acequia de Chamita,Ch,NA,NA,"Condition fair, not equipped for real time data collection",3993335.579,399881.3686,10/7/09,NA,NA,Acequia de Chamita,NA,http://meas.ose.state.nm.us/site.jsp?id=119&status=Y&type=S&dist=6&basin=Lower Chama,NA,NA,Manual,Functional_needs_repair,0,OSE,"36° 4' 46.109"" N","106° 6' 43.017"" W",36.07947461,-106.1119492,S,Acequia de Chamita
29,29,101,BW,NA,NA,Acequia de Chamita,Ch,NA,NA,Wish list - Upper Chama near the village of Chama,4071902.683,357597.2728,10/7/09,NA,NA,Acequia de Chamita- northern Chama,NA,,NA,NA,Manual,Future_planning,0,OSE,"36° 46' 56.033"" N","106° 35' 45.104"" W",36.78223135,-106.5958624,S,Acequia de Chamita- northern Chama
6,6,68,jt,comunidad,NA,Acequia de la Comunidad,N,NA,<Null>,Comunidad,3971885.312,412754.3291,10/7/09,NA,NA,Acequia de la Comunidad,NA,http://meas.ose.state.nm.us/site.jsp?id=6&status=Y&type=S&dist=6&basin=NPT,NA,flume,Radio,Complete,100,OSE,"35° 53' 14.455"" N","105° 57' 59.891"" W",35.8873485,-105.9666363,S,Acequia de la Comunidad
27,27,89,jt,otra vanda,NA,Acequia de la Otra Vanda,P,pojoaque,<Null>,Otra Vanda,3972477.977,404191.2997,10/7/09,NA,NA,Acequia de la Otra Vanda,NA,,NA,flume,Radio,Complete,100,OSE,"35° 53' 30.805"" N","106° 3' 41.643"" W",35.89189017,-106.0615675,S,Acequia de la Otra Vanda
15,15,77,jt,los joyas,NA,Acequia de Las Joyas,N,NA,<Null>,Las Joyas,3972748.699,409589.0725,10/7/09,NA,NA,Acequia de Las Joyas,NA,,NA,flume,Radio,Complete,100,OSE,"35° 53' 41.440"" N","106° 0' 6.476"" W",35.89484436,-106.001799,S,Acequia de Las Joyas
17,17,79,jt,garduno,NA,Acequia de los Gardunos,N,rio nambe,<Null>,Gardunos,3972044.193,411925.7637,10/7/09,NA,NA,Acequia de los Gardunos,NA,,NA,flume,Radio,Complete,100,OSE,"35° 53' 19.344"" N","105° 58' 32.998"" W",35.88870656,-105.9758327,S,Acequia de los Gardunos
1,1,63,jt,los indos,NA,Acequia de los Indios,P,pojoaque,<Null>,Indios,3972566.347,402515.0354,10/7/09,NA,NA,Acequia de los Indios,NA,,NA,flume,Radio,Complete,100,OSE,"35° 53' 33.076"" N","106° 4' 48.535"" W",35.89252119,-106.0801485,S,Acequia de los Indios
5,5,67,jt,ortiz flum,NA,Acequia de los Ortiz,N,rio nambe,<Null>,Ortiz,3972019.029,412260.0515,10/7/09,NA,NA,Acequia de los Ortiz,NA,,NA,flume,Radio,Complete,100,OSE,"35° 53' 18.635"" N","105° 58' 19.656"" W",35.88850974,-105.9721266,S,Acequia de los Ortiz
18,18,80,jt,truuillo,NA,Acequia de Los Trujillos,N,NA,<Null>,Trujillos,3972994.037,409030.0111,10/7/09,NA,NA,Acequia de Los Trujillos,NA,,NA,flume,Radio,Complete,100,OSE,"35° 53' 49.215"" N","106° 0' 28.875"" W",35.89700419,-106.0080209,S,Acequia de Los Trujillos
13,13,75,jt,cajon gran,NA,Acequia del Cajon Grande,T,tesuque,<Null>,<null>,3955546.076,417967.7858,10/7/09,NA,NA,Acequia del Cajon Grande,NA,http://meas.ose.state.nm.us/site.jsp?id=4&status=Y&type=S&dist=6&basin=NPT,NA,flume,Radio,Complete,100,OSE,"35° 44' 25.799"" N","105° 54' 25.932"" W",35.74049981,-105.9072034,S,Acequia del Cajon Grande
25,25,87,jt,cano,NA,Acequia del Cano,N,nambe,<Null>,Acequia del Cano,3972452.858,410908.0868,10/7/09,NA,NA,Acequia del Cano,NA,http://meas.ose.state.nm.us/site.jsp?id=5&status=Y&type=S&dist=6&basin=NPT,NA,flume,Radio,Complete,100,OSE,"35° 53' 32.274"" N","105° 59' 13.749"" W",35.89229844,-105.9871525,S,Acequia del Cano
8,8,70,jt,el lllano,NA,Acequia del Llano,N,NA,<Null>,Llano,3972529.486,412839.891,10/7/09,NA,NA,Acequia del Llano,NA,,NA,flume,Radio,Complete,100,OSE,"35° 53' 35.388"" N","105° 57' 56.732"" W",35.89316324,-105.9657589,S,Acequia del Llano
14,14,76,jt,del medio,NA,Acequia del Medio,T,NA,<Null>,<null>,3957589.243,415835.5699,10/7/09,NA,NA,Acequia del Medio,NA,,NA,flume,Radio,Complete,100,OSE,"35° 45' 31.461"" N","105° 55' 51.584"" W",35.75873911,-105.9309956,S,Acequia del Medio
28,28,90,jt,el rancho,NA,Acequia del Rancho,P,pojoaque,<Null>,Rancho,3972329.912,403283.9524,10/7/09,NA,NA,Acequia del Rancho,NA,,NA,flume,Radio,Complete,100,OSE,"35° 53' 25.678"" N","106° 4' 17.765"" W",35.89046615,-106.0716014,S,Acequia del Rancho
3,3,65,jt,rincon flu,NA,Acequia del Rincon,N,rio nambe,<Null>,Rincon,3972387.198,411025.4617,10/7/09,NA,NA,Acequia del Rincon,NA,,NA,flume,Radio,Complete,100,OSE,"35° 53' 30.182"" N","105° 59' 9.041"" W",35.89171722,-105.9858448,S,Acequia del Rincon
42,42,114,BW,NA,NA,Acequia del Rio de Chama,Ch,NA,NA,Gauge is not accurate-needs replacement,4005514.274,391676.3525,10/7/09,NA,NA,Acequia del Rio de Chama,NA,,NA,NA,Manual,Functional_needs_repair,0,OSE,"36° 11' 18.133"" N","106° 12' 17.051"" W",36.18837026,-106.2047363,S,Acequia del Rio de Chama
7,7,69,jt,la nueva,NA,Acequia la Nueva,N,rio nambe,<Null>,Nueva,3973171.706,412746.2068,10/7/09,NA,NA,Acequia la Nueva,NA,,NA,flume,Radio,Complete,100,OSE,"35° 53' 56.200"" N","105° 58' 0.722"" W",35.89894439,-105.9668673,S,Acequia la Nueva
26,26,88,it,larga,NA,Acequia Larga,P,pojoaque,<Null>,Larga,3972553.128,406463.2694,10/7/09,NA,NA,Acequia Larga,NA,,NA,flume,RadioTower,Complete,100,OSE,"35° 53' 34.035"" N","106° 2' 11.063"" W",35.89278748,-106.0364065,S,Acequia Larga
12,12,74,jt,madre,NA,Acequia Madre,T,NA,<Null>,madre flume,3955885.603,417188.7157,10/7/09,NA,NA,Acequia Madre,NA,,NA,flume,Radio,Complete,100,OSE,"35° 44' 36.584"" N","105° 54' 57.072"" W",35.74349543,-105.9158533,S,Acequia Madre
48,48,120,BW,NA,NA,Acequia Salazar,Ch,NA,NA,New Gauge was installed in 2008,3991381.11,400128.0225,10/7/09,NA,NA,Acequia Salazar,NA,,NA,NA,RadioTower,Complete,100,OSE,"36° 3' 42.776"" N","106° 6' 32.266"" W",36.06188213,-106.1089629,S,Acequia Salazar
166,171,315,NA,NA,NA,Ancheta Galaz,M,NA,NA,Proposed,3632860.089,226750.51,NA,NA,NA,Ancheta Galaz,SP,http://meas.ose.state.nm.us/site.jsp?id=191&status=Y&type=S&dist=3&basin=Mimbres Basin,NA,NA,Manual,NA,0,OSE,"32° 47' 59.142"" N","107° 55' 4.756"" W",32.79976177,-107.9179878,S,Ancheta Galaz
208,213,391,CP,SD1379 83,NA,SD-1379-83 &SD-1379-83-A,NA,NA,NA,NA,3853424.59,534455.7599,1/24/14,NA,NA,Arsenio Sanchez,NA,http://meas.ose.state.nm.us/site.jsp?id=150&status=Y&type=S&dist=2&basin=Fort Sumner,NA,NA,NA,NA,0,NA,"34° 49' 21.020"" N","104° 37' 23.600"" W",34.82250558,-104.6232222,S,Arsenio Sanchez
222,227,441,CN,NA,NA,NA,NA,NA,NA,WS Ranch,0,0,NA,NA,NA,AVID Bubbler,NA,http://meas.ose.state.nm.us/site.jsp?id=164&status=Y&type=S&dist=7&basin=Cimarron River,NA,NA,NA,Complete,0,NA,NA,NA,36.464178,-104.716921,S,AVID Bubbler
64,64,139,zz,NA,NA,6,San Juan,NA,NA,matches SJ Water Master shapefile,4088856.328,240404.7998,10/7/09,NA,NA,Aztec,SJ,http://meas.ose.state.nm.us/site.jsp?id=64&status=Y&type=S&dist=5&basin=Animas River,NA,NA,Satellite,"Construction complete, 100% operable",100,OSE,"36° 54' 36.054"" N","107° 54' 49.683"" W",36.91001502,-107.913801,S,Aztec
185,190,330,NA,NA,NA,Baca,M,NA,NA,Proposed,3613108.388,231099.0765,NA,NA,NA,Baca,SP,http://meas.ose.state.nm.us/site.jsp?id=200&status=Y&type=S&dist=3&basin=Mimbres Basin,NA,NA,Manual,NA,0,OSE,"32° 37' 22.379"" N","107° 51' 57.242"" W",32.62288295,-107.8659006,S,Baca
148,151,285,CN,NA,NA,Bear Cayon Reservoir,M,Mimbres River,NA,NA,3642276.819,220144.153,8/20/10,NA,NA,Bear Cayon Reservoir,SP,http://meas.ose.state.nm.us/site.jsp?id=67&status=Y&type=S&dist=3&basin=Mimbres Basin,NA,NA,RadioTower,Complete,100,OSE,"32° 52' 58.538"" N","107° 59' 28.681"" W",32.88292722,-107.9913003,S,Bear Cayon Reservoir
20,20,82,jt,fbishops,NA,Little Tesuque Creek at Bishops Lodge USGS 08305030,T,USGS,<Null>,USGS 08305030 - operated by BIA,3954504.916,417575.1446,10/7/09,NA,NA,Bishops Lodge USGS 08305030,NA,,NA,flume,Radio,Complete,100,USGS,"35° 43' 51.891"" N","105° 54' 41.178"" W",35.73108073,-105.9114382,S,Bishops Lodge USGS 08305030
219,224,402,CN,SP 6,NA,NA,NA,NA,NA,NA,3565899,582545.9999,1/24/14,NA,NA,Black River Canal,NA,http://meas.ose.state.nm.us/site.jsp?id=161&status=Y&type=S&dist=2&basin=Carlsbad,NA,NA,NA,NA,0,NA,32 13 36.07 N,104 07 26.18,33.36032967,-104.0669301,S,Black River Canal
218,223,401,CP,SP 6,NA,NA,NA,NA,NA,NA,3565873.89,586608.9999,1/24/14,NA,NA,Black River Canal Bypass,NA,http://meas.ose.state.nm.us/site.jsp?id=160&status=Y&type=S&dist=2&basin=Carlsbad,NA,NA,NA,NA,0,NA,"32° 13' 34.148"" N","104° 4' 50.963"" W",32.22615217,-104.0808232,S,Black River Canal Bypass
217,222,400,CP,SP 6,NA,NA,NA,NA,NA,NA,3567060,586162.9999,1/24/14,NA,NA,Black River Supply,NA,http://meas.ose.state.nm.us/site.jsp?id=159&status=Y&type=S&dist=2&basin=Carlsbad,NA,NA,NA,NA,0,NA,"32° 14' 12.788"" N","104° 5' 7.616"" W",32.2368856,-104.0854488,S,Black River Supply
220,225,403,CP,SP 55 & 1279,NA,SP-55 & 1279,NA,NA,NA,NA,3561179.21,571811.9999,1/24/14,NA,NA,Blue Springs Ranch,NA,http://meas.ose.state.nm.us/site.jsp?id=162&status=Y&type=S&dist=2&basin=Carlsbad,NA,NA,NA,NA,0,NA,"32° 11' 5.450"" N","104° 14' 17.530"" W",32.18484722,-104.2382029,S,Blue Springs Ranch
213,218,396,CP,SD 0965,NA,NA,NA,NA,NA,NA,3654364.92,566261.9999,1/24/14,NA,NA,Cecil Pollard,NA,http://meas.ose.state.nm.us/site.jsp?id=155&status=Y&type=S&dist=2&basin=Roswell,NA,NA,NA,NA,0,NA,"33° 1' 32.691"" N","104° 17' 25.722"" W",33.02574737,-104.2904783,S,Cecil Pollard
61,61,136,zz,NA,NA,3,San Juan,NA,NA,matches SJ Water Master shapefile,4092827.475,243427.0766,10/7/09,NA,NA,Cedar,SJ,http://meas.ose.state.nm.us/site.jsp?id=68&status=Y&type=S&dist=5&basin=Animas River,NA,NA,Satellite,"Construction complete, 100% operable",100,OSE,"36° 56' 47.741"" N","107° 52' 52.548"" W",36.94659463,-107.8812633,S,Cedar
204,209,369,SDM,NA,NA,Chupadero Irr Ditch Co,Other,NA,NA,"not GPSed, Chupadero Irr Ditch Co - SDM",3962908.223,418671.2059,3/21/11,NA,NA,Chupadero Irr Ditch Co,NA,http://meas.ose.state.nm.us/site.jsp?id=128&status=Y&type=S&dist=6&basin=NPT,NA,NA,RadioTower,Complete,100,OSE,"35° 48' 24.945"" N","105° 54' 0.622"" W",35.80692921,-105.9001728,S,Chupadero Irr Ditch Co
256,261,476,CN,NA,NA,Cineguilla creek near Eagle Nest NM,NA,NA,NA,ISC is now handling this gauge - used to be USGS,0,0,1/2/15,NA,NA,Cieneguilla Creek,NA,http://meas.ose.state.nm.us/site.jsp?id=128&status=Y&type=S&dist=6&basin=NPT,NA,NA,NA,Complete,0,OSE,NA,NA,0,0,S,Cieneguilla Creek
69,69,144,yy,NA,NA,1,San Juan,NA,NA,The Distance field is the distance (m) from Object_ID 65123.,4074689.172,257309.2657,10/7/09,NA,NA,Citizens,SJ,http://meas.ose.state.nm.us/site.jsp?id=69&status=Y&type=S&dist=5&basin=San Juan River,NA,NA,Satellite,"Construction complete, 100% operable",100,OSE,"36° 47' 13.015"" N","107° 43' 11.043"" W",36.78694868,-107.7197341,S,Citizens
152,157,343,NA,31,2640,Concepcion,Ga,NA,NA,from HSB,3922588.738,486994.0469,NA,NA,NA,Concepcion,NA,http://meas.ose.state.nm.us/site.jsp?id=133&status=Y&type=S&dist=6&basin=Gallinas,NA,NA,RadioTower,Complete,100,OSE,"35° 26' 48.025"" N","105° 8' 35.921"" W",35.44667366,-105.1433115,S,Concepcion
227,232,446,CN,NA,NA,NA,NA,NA,NA,CS Ranch,0,0,NA,NA,NA,CS Clayton Place,NA,http://meas.ose.state.nm.us/site.jsp?id=169&status=Y&type=S&dist=7&basin=Cimarron River,NA,NA,NA,Complete,0,NA,NA,NA,36.389078,-104.699166,S,CS Clayton Place
228,233,447,CN,NA,NA,NA,NA,NA,NA,CS Ranch,0,0,NA,NA,NA,CS Clouthier,NA,,NA,NA,NA,Planned_fyr,0,NA,NA,NA,36.392991,-104.782507,S,CS Clouthier
221,226,440,CN,NA,NA,NA,NA,NA,NA,CS Ranch,0,0,NA,NA,NA,CS Honey,NA,http://meas.ose.state.nm.us/site.jsp?id=174&status=Y&type=S&dist=7&basin=Cimarron River,NA,NA,NA,Complete,0,NA,NA,NA,36.472812,-104.774154,S,CS Honey
230,235,449,CN,NA,NA,NA,NA,NA,NA,CS Ranch,0,0,NA,NA,NA,CS Lambert,NA,,NA,NA,NA,Planned_fyr,0,NA,NA,NA,36.452327,-104.745381,S,CS Lambert
247,252,466,CN,NA,NA,NA,NA,NA,NA,Express UU Bar Ranch,0,0,NA,NA,NA,CSC-CS # 1,NA,http://meas.ose.state.nm.us/site.jsp?id=182&status=Y&type=S&dist=7&basin=Cimarron River,NA,NA,NA,Complete,0,NA,NA,NA,36.462512,-104.844186,S,CSC-CS # 1
250,255,469,CN,NA,NA,NA,NA,NA,NA,CS Ranch,0,0,NA,NA,NA,CSC-CS Highline,NA,http://meas.ose.state.nm.us/site.jsp?id=180&status=Y&type=S&dist=7&basin=Cimarron River,NA,NA,NA,Complete,0,NA,NA,NA,36.455784,-104.817263,S,CSC-CS Highline
248,253,467,CN,NA,NA,NA,NA,NA,NA,Express UU Bar Ranch,0,0,NA,NA,NA,CSC-Trujillo / CS E-Line,NA,,NA,NA,NA,Complete,0,NA,NA,NA,36.443035,-104.842962,S,CSC-Trujillo / CS E-Line
249,254,468,CN,NA,NA,NA,NA,NA,NA,Express UU Bar Ranch,0,0,NA,NA,NA,CSC-UU Bar Urraca,NA,,NA,NA,NA,Complete,0,NA,NA,NA,36.428358,-104.857644,S,CSC-UU Bar Urraca
82,82,157,x,NA,NA,5,San Juan,NA,NA,matches SJ Water Master shapefile,4094069.823,216287.2038,10/7/09,NA,NA,Cunningham,SJ,http://meas.ose.state.nm.us/site.jsp?id=70&status=Y&type=S&dist=5&basin=La Plata River,NA,NA,Satellite,"Construction complete, 100% operable",100,OSE,"36° 56' 59.983"" N","108° 11' 9.949"" W",36.94999519,-108.1860968,S,Cunningham
194,199,350,CN,NA,NA,Cy More,T,NA,NA,not GPSed,3955797.73,417253.8537,NA,NA,NA,Cy More,NA,http://meas.ose.state.nm.us/site.jsp?id=7&status=Y&type=S&dist=6&basin=NPT,NA,NA,RadioTower,Complete,100,OSE,"35° 44' 33.751"" N","105° 54' 54.446"" W",35.74270872,-105.9151239,S,Cy More
203,208,368,SDM,NA,NA,Del Molino,Other,NA,NA,"not GPSed, Del Molino _ SJM",3965253.034,418246.8514,3/11/11,NA,NA,Del Molino,NA,http://meas.ose.state.nm.us/site.jsp?id=129&status=Y&type=S&dist=6&basin=NPT,NA,NA,RadioTower,Complete,100,OSE,"35° 49' 40.918"" N","105° 54' 18.393"" W",35.82803264,-105.9051091,S,Del Molino
199,204,364,SDM,NA,NA,Del Rio,T,NA,NA,"not GPSed,  Del Rio - SDM",3969801.302,409040.3843,3/21/11,NA,NA,Del Rio,NA,http://meas.ose.state.nm.us/site.jsp?id=40&status=Y&type=S&dist=6&basin=NPT,NA,NA,RadioTower,Complete,100,OSE,"35° 52' 5.605"" N","106° 0' 27.149"" W",35.86822353,-106.0075413,S,Del Rio
57,57,178,jt,SD-06391,NA,Nuestra Senora de Dolores de Las Vegas,Gallinas,Rio de Las Gallinas,NA,Gallinas (add to picklist for Basin),3941211.018,477873.8765,10/7/09,NA,NA,Dolores de Las Vegas,NA,http://meas.ose.state.nm.us/site.jsp?id=62&status=Y&type=S&dist=6&basin=Gallinas,NA,NA,Radio,Completed construction and operable,100,OSE,"35° 36' 51.918"" N","105° 14' 39.529"" W",35.61442159,-105.2443137,S,Dolores de Las Vegas
180,185,325,NA,NA,NA,Dominguez,M,NA,NA,Proposed,3618946.152,234148.1323,NA,NA,NA,Dominguez,SP,http://meas.ose.state.nm.us/site.jsp?id=196&status=Y&type=S&dist=3&basin=Mimbres Basin,NA,NA,Manual,Complete,0,OSE,"32° 40' 34.382"" N","107° 50' 6.358"" W",32.67621731,-107.8350994,S,Dominguez
136,138,267,JM,RG 00854 OLD,854,NPT GW Monitoring - Radio (soon),NA,NA,NA,NA,3972789.824,410572.4969,10/7/09,NA,NA,duplicate,RG,,NA,OLD,RadioTower,Completed construction and operable,80,OSE,"35° 53' 43.100"" N","105° 59' 27.270"" W",35.89530549,-105.9909082,G,duplicate
175,180,320,NA,NA,NA,Duran,M,NA,NA,Proposed,3626144.311,230239.8252,NA,NA,NA,Duran,SP,http://meas.ose.state.nm.us/site.jsp?id=195&status=Y&type=S&dist=3&basin=Mimbres Basin,NA,NA,Manual,NA,0,OSE,"32° 44' 24.432"" N","107° 52' 43.741"" W",32.74011992,-107.8788169,S,Duran
183,188,328,NA,NA,NA,Eby and Baca,M,NA,NA,Proposed,3614364.85,232385.3807,NA,NA,NA,Eby and Baca,SP,http://meas.ose.state.nm.us/site.jsp?id=199&status=Y&type=S&dist=3&basin=Mimbres Basin,NA,NA,Manual,NA,0,OSE,"32° 38' 4.255"" N","107° 51' 9.236"" W",32.63451532,-107.8525655,S,Eby and Baca
50,50,133,zz,NA,NA,10,San Juan,NA,NA,matches SJ Water Master shapefile,4080166.871,232623.2665,10/7/09,NA,NA,Eledge,SJ,http://meas.ose.state.nm.us/site.jsp?id=71&status=Y&type=S&dist=5&basin=Animas River,NA,NA,Satellite,"Construction complete, 100% operable",100,OSE,"36° 49' 46.621"" N","107° 59' 52.713"" W",36.82961692,-107.9979758,S,Eledge
144,147,277,CN,NA,NA,NA,NA,NA,NA,Upper Chama- Ensenada from Kent's map,4066707.857,366945.9528,10/26/09,NA,NA,Ensenada Ditch Gage,NA,http://meas.ose.state.nm.us/site.jsp?id=8&status=Y&type=S&dist=6&basin=Upper Chama,NA,NA,RadioTower,Complete,0,OSE,"36° 44' 12.394"" N","106° 29' 24.799"" W",36.73677622,-106.4902218,S,Ensenada Ditch Gage
67,67,142,zz,NA,NA,9,San Juan,NA,NA,matches SJ Water Master shapefile,4084356.962,235163.0438,10/7/09,NA,NA,Farmers Irrigation,SJ,http://meas.ose.state.nm.us/site.jsp?id=72&status=Y&type=S&dist=5&basin=Animas River,NA,NA,Satellite,"Construction complete, 100% operable",100,OSE,"36° 52' 4.990"" N","107° 58' 15.578"" W",36.86805268,-107.9709939,S,Farmers Irrigation
76,76,151,zz,NA,NA,17,San Juan,NA,NA,The Distance field is the distance (m) from Object_ID 75041.,4069970.428,205937.0272,10/7/09,NA,NA,Farmers Mutual,SJ,http://meas.ose.state.nm.us/site.jsp?id=73&status=Y&type=S&dist=5&basin=Animas River,NA,NA,Satellite,"Construction complete, 100% operable",100,OSE,"36° 43' 47.762"" N","108° 17' 34.209"" W",36.72993385,-108.2928357,S,Farmers Mutual
73,73,148,zz,NA,NA,14,San Juan,NA,NA,matches SJ Water Master shapefile,4071252.714,218277.5945,10/7/09,NA,NA,Farmington Echo,SJ,http://meas.ose.state.nm.us/site.jsp?id=74&status=Y&type=S&dist=5&basin=Animas River,NA,NA,Satellite,"Construction complete, 100% operable",100,OSE,"36° 44' 42.783"" N","108° 9' 19.139"" W",36.74521756,-108.1553165,S,Farmington Echo
211,216,394,CP,HC 1,NA,NA,NA,NA,NA,NA,3665582.99,558002.0001,1/24/14,NA,NA,Felix Dump,NA,http://meas.ose.state.nm.us/site.jsp?id=153&status=Y&type=S&dist=2&basin=Roswell,NA,NA,NA,NA,0,NA,"33° 7' 38.650"" N","104° 22' 41.551"" W",33.1274029,-104.3782086,S,Felix Dump
38,38,110,BW,NA,NA,Ferran,Ch,NA,NA,Poor Condition but functional,4008664.153,388007.4191,10/7/09,NA,NA,Ferran,NA,http://meas.ose.state.nm.us/site.jsp?id=221&status=Y&type=S&dist=6&basin=Lower Chama,NA,NA,Manual,Functional_needs_repair,0,OSE,"36° 12' 58.839"" N","106° 14' 45.536"" W",36.21634413,-106.2459822,S,Ferran
205,210,370,SDM,NA,NA,Frank V. Ortiz Ditch  #1,Other,NA,NA,"not GPSed, Frank V. Ortiz Ditch  on Chupadero",3960554.575,419767.7169,3/21/11,NA,NA,Frank V. Ortiz Ditch,NA,http://meas.ose.state.nm.us/site.jsp?id=139&status=Y&type=S&dist=6&basin=NPT,NA,NA,RadioTower,Complete,100,OSE,"35° 47' 8.883"" N","105° 53' 16.085"" W",35.78580095,-105.8878015,S,Frank V. Ortiz Ditch
150,155,293,CN,NA,NA,<Null>,NA,Ft Sumner,NA,Vaughan #1,3804015.632,570962.2519,8/20/10,NA,NA,FS-14,FS,http://meas.ose.state.nm.us/site.jsp?id=9&status=Y&type=G&dist=2&basin=Pecos River,NA,NA,RadioTower,Complete,100,OSE,"34° 22' 30.300"" N","104° 13' 41.434"" W",34.37508347,-104.228176,G,FS-14
151,156,294,CN,NA,NA,<Null>,NA,Ft Sumner,NA,Vaughan #2,3803972.586,571230.8329,8/20/10,NA,NA,FS-14-S,FS,http://meas.ose.state.nm.us/site.jsp?id=10&status=Y&type=G&dist=2&basin=Pecos River,NA,NA,RadioTower,Complete,100,OSE,"34° 22' 28.837"" N","104° 13' 30.931"" W",34.37467684,-104.2252586,G,FS-14-S
154,159,295,CN,NA,NA,<Null>,NA,Ft Sumner,NA,Vaughan #5,3803950.598,570577.942,8/20/10,NA,NA,FS-14-S2,FS,http://meas.ose.state.nm.us/site.jsp?id=11&status=Y&type=G&dist=2&basin=Pecos River,NA,NA,Radio,"Construction complete, 100% operable",100,OSE,"34° 22' 28.284"" N","104° 13' 56.500"" W",34.37452331,-104.232361,G,FS-14-S2
155,160,296,CN,NA,NA,<Null>,NA,Ft Sumner,NA,Vaughan #6,3803556.722,570698.1119,8/20/10,NA,NA,FS-14-S4,FS,http://meas.ose.state.nm.us/site.jsp?id=12&status=Y&type=G&dist=2&basin=Pecos River,NA,NA,Radio,"Construction complete, 100% operable",100,OSE,"34° 22' 15.468"" N","104° 13' 51.911"" W",34.37096331,-104.2310865,G,FS-14-S4
156,161,297,CN,NA,NA,<Null>,NA,Ft Sumner,NA,Vaughan #3,3803763.457,571493.4911,8/20/10,NA,NA,FS-14-S5,FS,http://meas.ose.state.nm.us/site.jsp?id=13&status=Y&type=G&dist=2&basin=Pecos River,NA,NA,Radio,"Construction complete, 100% operable",100,OSE,"34° 22' 21.982"" N","104° 13' 20.710"" W",34.3727729,-104.2224194,G,FS-14-S5
157,162,298,CN,NA,NA,<Null>,NA,Ft Sumner,NA,Vaughan #4,3804160.852,570563.843,8/20/10,NA,NA,FS-14-S6,FS,http://meas.ose.state.nm.us/site.jsp?id=14&status=Y&type=G&dist=2&basin=Pecos River,NA,NA,Radio,"Construction complete, 100% operable",100,OSE,"34° 22' 35.113"" N","104° 13' 56.989"" W",34.37642025,-104.232497,G,FS-14-S6
158,163,299,CN,NA,NA,<Null>,NA,Ft Sumner,NA,Sutter #1,3803317.745,570686.6171,8/20/10,NA,NA,FS-32,FS,http://meas.ose.state.nm.us/site.jsp?id=15&status=Y&type=G&dist=2&basin=Pecos River,NA,NA,Radio,"Construction complete, 100% operable",100,OSE,"34° 22' 7.713"" N","104° 13' 52.432"" W",34.3688091,-104.2312312,G,FS-32
159,164,300,CN,NA,NA,<Null>,NA,Ft Sumner,NA,Sutter #3,3803122.706,570937.826,8/20/10,NA,NA,FS-32-X,FS,http://meas.ose.state.nm.us/site.jsp?id=16&status=Y&type=G&dist=2&basin=Pecos River,NA,NA,Radio,"Construction complete, 100% operable",100,OSE,"34° 22' 1.319"" N","104° 13' 42.656"" W",34.36703314,-104.2285155,G,FS-32-X
160,165,301,CN,NA,NA,<Null>,NA,Ft Sumner,NA,Sutter #4,3803309.726,570915.059,8/20/10,NA,NA,FS-32-X2,FS,http://meas.ose.state.nm.us/site.jsp?id=17&status=Y&type=G&dist=2&basin=Pecos River,NA,NA,Radio,"Construction complete, 100% operable",100,OSE,"34° 22' 7.396"" N","104° 13' 43.491"" W",34.36872116,-104.2287476,G,FS-32-X2
161,166,302,CN,NA,NA,<Null>,NA,Ft Sumner,NA,Crocket #1,3803475.312,571760.1319,8/20/10,NA,NA,FS-44-X,FS,http://meas.ose.state.nm.us/site.jsp?id=18&status=Y&type=G&dist=2&basin=Pecos River,NA,NA,Radio,"Construction complete, 100% operable",100,OSE,"34° 22' 12.562"" N","104° 13' 10.357"" W",34.37015608,-104.2195437,G,FS-44-X
162,167,304,CN,NA,NA,<Null>,NA,Ft Sumner,NA,Crocket #2 NEW,3804109.19,572527.48,8/20/10,NA,NA,FS-44-X2,FS,http://meas.ose.state.nm.us/site.jsp?id=19&status=Y&type=G&dist=2&basin=Pecos River,NA,NA,Radio,"Construction complete, 100% operable",100,OSE,"34° 22' 32.947"" N","104° 12' 40.123"" W",34.37581859,-104.2111452,G,FS-44-X2
52,52,173,jt,SD-02489,NA,Gallinas Canal WSIC,Gallinas,Rio de Las Gallinas,NA,Gallinas (add to picklist for Basin),3944484.978,477341.6247,10/7/09,NA,NA,Gallinas Canal,NA,http://meas.ose.state.nm.us/site.jsp?id=54&status=Y&type=S&dist=6&basin=Gallinas,NA,NA,Radio,Completed construction and operable,100,OSE,"35° 38' 38.144"" N","105° 15' 1.018"" W",35.64392892,-105.2502827,S,Gallinas Canal
170,175,345,CN,NA,NA,Gallinas River Weir at Storrie,Ga,NA,NA,NA,3944584.733,477146.9089,2/28/11,NA,NA,Gallinas River Weir at Storrie,NA,http://meas.ose.state.nm.us/site.jsp?id=59&status=Y&type=S&dist=6&basin=Gallinas,NA,NA,RadioTower,Complete,100,OSE,"35° 38' 41.366"" N","105° 15' 8.771"" W",35.64482386,-105.2524363,S,Gallinas River Weir at Storrie
212,217,395,CP,SD 01701,NA,NA,NA,NA,NA,NA,3666332.07,570421.9999,1/24/14,NA,NA,Gilbert Gomez,NA,http://meas.ose.state.nm.us/site.jsp?id=154&status=Y&type=S&dist=2&basin=Roswell,NA,NA,NA,NA,0,NA,"33 08 01.69 "" N",": 104 18 02.50"" W",33.13342362,-104.2450154,S,Gilbert Gomez
176,181,321,NA,NA,NA,Goforth,M,NA,NA,Proposed,3625811.93,230556.7705,NA,NA,NA,Goforth,SP,http://meas.ose.state.nm.us/site.jsp?id=202&status=Y&type=S&dist=3&basin=Mimbres Basin,NA,NA,Manual,NA,0,OSE,"32° 44' 13.931"" N","107° 52' 31.231"" W",32.737203,-107.875342,S,Goforth
34,34,106,BW,NA,NA,Gonzales,Ch,NA,NA,defunct,4008396.764,381314.2045,10/7/09,NA,NA,Gonzales,NA,http://meas.ose.state.nm.us/site.jsp?id=220&status=Y&type=S&dist=6&basin=Lower Chama,NA,NA,NA,Defunct_needs_replacement,0,OSE,"36° 12' 47.288"" N","106° 19' 13.405"" W",36.21313567,-106.3203903,S,Gonzales
62,62,137,zz,NA,NA,4,San Juan,NA,NA,matches SJ Water Master shapefile,4091754.212,243699.5867,10/7/09,NA,NA,Graves-Atterbury,SJ,http://meas.ose.state.nm.us/site.jsp?id=75&status=Y&type=S&dist=5&basin=Animas River,NA,NA,Satellite,"Construction complete, 100% operable",100,OSE,"36° 56' 13.222"" N","107° 52' 40.234"" W",36.93700611,-107.8778428,S,Graves-Atterbury
79,79,154,x,NA,NA,2,San Juan,NA,NA,matches SJ Water Master shapefile,4096556.301,215940.8974,10/7/09,NA,NA,Greenhorn,SJ,http://meas.ose.state.nm.us/site.jsp?id=90&status=Y&type=S&dist=5&basin=La Plata River,NA,NA,Satellite,"Construction complete, 100% operable",100,OSE,"36° 58' 20.173"" N","108° 11' 27.294"" W",36.97227032,-108.1909151,S,Greenhorn
182,187,327,NA,NA,NA,Greenwald,M,NA,NA,Proposed,3616657.559,232911.222,NA,NA,NA,Greenwald,SP,http://meas.ose.state.nm.us/site.jsp?id=197&status=Y&type=S&dist=3&basin=Mimbres Basin,NA,NA,Manual,Future_planning,0,OSE,"32° 39' 19.077"" N","107° 50' 51.437"" W",32.65529916,-107.8476215,S,Greenwald
88,88,163,NA,NA,NA,Grijalva Flume,M,NA,NA,The Distance field is the distance (m) from GNIS_Name Mimbres River.,3643400.417,219995.6999,10/7/09,NA,NA,Grijalva Flume,SP,http://meas.ose.state.nm.us/site.jsp?id=99&status=Y&type=S&dist=3&basin=Mimbres Basin,NA,NA,Satellite,"Construction complete, 100% operable",100,OSE,"32° 53' 34.839"" N","107° 59' 35.613"" W",32.89301086,-107.9932258,S,Grijalva Flume
55,55,176,jy,SD-07,NA,Grzelachowski Ditch,Gallinas,Rio de Las Gallinas,NA,Gallinas (add to picklist for Basin),3944366.68,476526.8723,10/7/09,NA,NA,Grzelachowski,NA,http://meas.ose.state.nm.us/site.jsp?id=56&status=Y&type=S&dist=6&basin=Gallinas,NA,NA,Radio,Completed construction and operable,100,OSE,"35° 38' 34.236"" N","105° 15' 33.404"" W",35.64284326,-105.2592789,S,Grzelachowski
209,214,392,CP,HC 1,NA,NA,NA,NA,NA,NA,3686919.07,557686,1/24/14,NA,NA,Hagerman Main Canal,NA,http://meas.ose.state.nm.us/site.jsp?id=151&status=Y&type=S&dist=2&basin=Roswell,NA,NA,NA,NA,0,NA,"33° 19' 11.500"" N","104° 22' 48.866"" W",33.31986109,-104.3802404,S,Hagerman Main Canal
49,49,132,zz,NA,NA,12,San Juan,NA,NA,matches SJ Water Master shapefile,4077956.221,228151.8581,10/7/09,NA,NA,Halford-Independent,SJ,http://meas.ose.state.nm.us/site.jsp?id=76&status=Y&type=S&dist=5&basin=Animas River,NA,NA,Satellite,"Construction complete, 100% operable",100,OSE,"36° 48' 30.393"" N","108° 2' 50.129"" W",36.8084426,-108.0472581,S,Halford-Independent
71,71,146,yy,NA,NA,3,San Juan,NA,NA,The Distance field is the distance (m) from Object_ID 65867.,4070027.988,248932.4137,10/7/09,NA,NA,Hammond,SJ,http://meas.ose.state.nm.us/site.jsp?id=86&status=Y&type=S&dist=5&basin=San Juan River,NA,NA,Satellite,"Construction complete, 100% operable",100,OSE,"36° 44' 34.070"" N","107° 48' 43.110"" W",36.74279714,-107.8119751,S,Hammond
253,258,472,CN,NA,NA,NA,NA,NA,NA,"Harper Cattle, LLC",0,0,NA,NA,NA,Harper Ditch,NA,http://meas.ose.state.nm.us/site.jsp?id=185&status=Y&type=S&dist=7&basin=Santa Clara Spring,NA,NA,NA,Complete,0,NA,NA,NA,36.013207,-104.70379,S,Harper Ditch
86,86,161,x,NA,NA,9,San Juan,NA,NA,matches SJ Water Master shapefile,4089613.735,216732.3131,10/7/09,NA,NA,Helton,SJ,http://meas.ose.state.nm.us/site.jsp?id=91&status=Y&type=S&dist=5&basin=La Plata River,NA,NA,Satellite,"Construction complete, 100% operable",100,OSE,"36° 54' 36.078"" N","108° 10' 45.975"" W",36.9100216,-108.1794374,S,Helton
172,177,317,NA,NA,NA,Heredia Ditch,M,NA,NA,Proposed,3631897.865,226935.7378,NA,NA,NA,Heredia Ditch,SP,http://meas.ose.state.nm.us/site.jsp?id=201&status=Y&type=S&dist=3&basin=Mimbres Basin,NA,NA,Manual,NA,0,OSE,"32° 47' 28.101"" N","107° 54' 56.624"" W",32.7911392,-107.9157288,S,Heredia Ditch
45,45,117,BW,NA,NA,Hernandez Gauge,Ch,NA,NA,Operating with H-510 on battery,3992122.379,399081.1937,10/7/09,NA,NA,Hernandez Gauge,NA,http://meas.ose.state.nm.us/site.jsp?id=121&status=Y&type=S&dist=6&basin=Lower Chama,NA,NA,Manual,Complete,0,OSE,"36° 4' 6.441"" N","106° 7' 14.446"" W",36.06845593,-106.1206795,S,Hernandez Gauge
92,92,167,NA,NA,NA,Heuchling No. 1 Flume,M,NA,NA,The Distance field is the distance (m) from GNIS_Name Mimbres River.,3638872.56,221749.4065,10/7/09,NA,NA,Heuchling No. 1 Flume,SP,http://meas.ose.state.nm.us/site.jsp?id=100&status=Y&type=S&dist=3&basin=Mimbres Basin,NA,NA,Satellite,"Construction complete, 100% operable",100,OSE,"32° 51' 9.610"" N","107° 58' 23.296"" W",32.85266944,-107.9731378,S,Heuchling No. 1 Flume
93,93,168,NA,NA,NA,Heuchling No. 2 Flume,M,NA,NA,The Distance field is the distance (m) from GNIS_Name Mimbres River.,3638397.214,221939.7267,10/7/09,NA,NA,Heuchling No. 2 Flume,SP,http://meas.ose.state.nm.us/site.jsp?id=101&status=Y&type=S&dist=3&basin=Mimbres Basin,NA,NA,Satellite,"Construction complete, 100% operable",100,OSE,"32° 50' 54.368"" N","107° 58' 15.469"" W",32.84843561,-107.9709637,S,Heuchling No. 2 Flume
94,94,169,NA,NA,NA,Heuchling No. 3 Flume,M,NA,NA,The Distance field is the distance (m) from GNIS_Name Mimbres River.,3638239.185,222387.8213,10/7/09,NA,NA,Heuchling No. 3 Flume,SP,http://meas.ose.state.nm.us/site.jsp?id=136&status=Y&type=S&dist=3&basin=Mimbres Basin,NA,NA,Satellite,"Construction complete, 100% operable",100,OSE,"32° 50' 49.652"" N","107° 57' 58.083"" W",32.84712556,-107.9661342,S,Heuchling No. 3 Flume
95,95,170,NA,NA,NA,Heuchling No. 4 Flume,M,NA,NA,The Distance field is the distance (m) from GNIS_Name Mimbres River.,3638248.834,222317.8799,10/7/09,NA,NA,Heuchling No. 4 Flume,SP,http://meas.ose.state.nm.us/site.jsp?id=137&status=Y&type=S&dist=3&basin=Mimbres Basin,NA,NA,Satellite,"Construction complete, 100% operable",100,OSE,"32° 50' 49.901"" N","107° 58' 0.781"" W",32.84719477,-107.9668835,S,Heuchling No. 4 Flume
246,251,465,CN,NA,NA,NA,NA,NA,NA,Express UU Bar Ranch,0,0,NA,NA,NA,Hickman,NA,,NA,NA,NA,Planned_fyr,0,NA,NA,NA,36.494933,-104.899541,S,Hickman
81,81,156,x,NA,NA,3,San Juan,NA,NA,matches SJ Water Master shapefile,4095786.424,215817.8878,10/7/09,NA,NA,Highland Park,SJ,http://meas.ose.state.nm.us/site.jsp?id=92&status=Y&type=S&dist=5&basin=La Plata River,NA,NA,Satellite,"Construction complete, 100% operable",100,OSE,"36° 57' 55.094"" N","108° 11' 31.219"" W",36.96530395,-108.1920053,S,Highland Park
78,78,153,x,NA,NA,1,San Juan,NA,NA,matches SJ Water Master shapefile,4097880.418,216072.7158,10/7/09,NA,NA,Hillside,SJ,http://meas.ose.state.nm.us/site.jsp?id=93&status=Y&type=S&dist=5&basin=La Plata River,NA,NA,Satellite,"Construction complete, 100% operable",100,OSE,"36° 59' 3.220"" N","108° 11' 23.764"" W",36.98422775,-108.1899343,S,Hillside
33,33,105,BW,NA,NA,J.P. Gonzales,Ch,NA,NA,Condition functional,4007748.497,379127.7306,10/7/09,NA,NA,J.P.Gonzales,NA,http://meas.ose.state.nm.us/site.jsp?id=122&status=Y&type=S&dist=6&basin=Lower Chama,NA,NA,Manual,Functional_needs_repair,0,OSE,"36° 12' 25.279"" N","106° 20' 40.592"" W",36.20702192,-106.344609,S,J.P.Gonzales
87,87,162,x,NA,NA,10,San Juan,NA,NA,matches SJ Water Master shapefile,4083632.469,212656.6382,10/7/09,NA,NA,Jackson,SJ,http://meas.ose.state.nm.us/site.jsp?id=95&status=Y&type=S&dist=5&basin=La Plata River,NA,NA,Satellite,"Construction complete, 100% operable",100,OSE,"36° 51' 17.841"" N","108° 13' 22.269"" W",36.85495585,-108.2228524,S,Jackson
237,242,456,CN,NA,NA,NA,NA,NA,NA,Dennis Nazelrod,0,0,NA,NA,NA,Jackson Ditch,NA,http://meas.ose.state.nm.us/site.jsp?id=171&status=Y&type=S&dist=7&basin=Cimarron River,NA,NA,NA,Complete,0,NA,NA,NA,36.507532,-104.920042,S,Jackson Ditch
77,77,152,yy,NA,NA,4,San Juan,NA,NA,The Distance field is the distance (m) from GNIS_Name San Juan River.,4071931.55,192393.4528,10/7/09,NA,NA,Jewett-Valley,SJ,http://meas.ose.state.nm.us/site.jsp?id=87&status=Y&type=S&dist=5&basin=San Juan River,NA,NA,Satellite,"Construction complete, 100% operable",100,OSE,"36° 44' 35.847"" N","108° 26' 42.141"" W",36.74329084,-108.4450392,S,Jewett-Valley
4,4,66,jt,jg ortiz,NA,Jose G. Ortiz Ditch,N,rio nambe,<Null>,Jose G. Ortiz,3972119.547,411764.3686,10/7/09,NA,NA,Jose G. Ortiz Ditch,NA,http://meas.ose.state.nm.us/site.jsp?id=24&status=Y&type=S&dist=6&basin=NPT,NA,flume,Radio,Complete,100,OSE,"35° 53' 21.737"" N","105° 58' 39.465"" W",35.88937132,-105.9776291,S,Jose G. Ortiz Ditch
68,68,143,zz,NA,NA,11,San Juan,NA,NA,matches SJ Water Master shapefile,4078463.617,230852.5579,10/7/09,NA,NA,Kello-Blancett,SJ,http://meas.ose.state.nm.us/site.jsp?id=77&status=Y&type=S&dist=5&basin=Animas River,NA,NA,Satellite,"Construction complete, 100% operable",100,OSE,"36° 48' 49.615"" N","108° 1' 1.929"" W",36.81378186,-108.0172025,S,Kello-Blancett
90,90,165,NA,NA,NA,Kenly No. 1 Flume,M,NA,NA,The Distance field is the distance (m) from GNIS_Name Mimbres River.,3641514.688,220730.6415,10/7/09,NA,NA,Kenly No. 1 Flume,SP,http://meas.ose.state.nm.us/site.jsp?id=102&status=Y&type=S&dist=3&basin=Mimbres Basin,NA,NA,Satellite,"Construction complete, 100% operable",100,OSE,"32° 52' 34.361"" N","107° 59' 5.311"" W",32.87621147,-107.9848085,S,Kenly No. 1 Flume
91,91,166,NA,NA,NA,Kenly No. 2 Flume,M,NA,NA,The Distance field is the distance (m) from Flowline ObjectID 15944.,3640287.741,220768.1532,10/7/09,NA,NA,Kenly No. 2 Flume,SP,http://meas.ose.state.nm.us/site.jsp?id=103&status=Y&type=S&dist=3&basin=Mimbres Basin,NA,NA,Satellite,"Construction complete, 100% operable",100,OSE,"32° 51' 54.606"" N","107° 59' 2.535"" W",32.86516834,-107.9840375,S,Kenly No. 2 Flume
179,184,324,NA,NA,NA,Kimmick,M,NA,NA,Installed,3619745.719,233942.3238,NA,NA,NA,Kimmick,SP,http://meas.ose.state.nm.us/site.jsp?id=104&status=Y&type=S&dist=3&basin=Mimbres Basin,NA,NA,Satellite,Complete,0,OSE,"32° 41' 0.138"" N","107° 50' 15.071"" W",32.6833716,-107.8375198,S,Kimmick
192,197,337,NA,NA,NA,King Ditch,M,NA,NA,Installed,3600294.36,226259.3292,NA,NA,NA,King Ditch,SP,http://meas.ose.state.nm.us/site.jsp?id=105&status=Y&type=S&dist=3&basin=Mimbres Basin,NA,NA,Satellite,Complete,100,OSE,"32° 30' 22.501"" N","107° 54' 49.275"" W",32.50625028,-107.9136875,S,King Ditch
80,80,155,x,NA,NA,4,San Juan,NA,NA,matches SJ Water Master shapefile,4095664.039,215938.6899,10/7/09,NA,NA,La Plata Indian,SJ,http://meas.ose.state.nm.us/site.jsp?id=94&status=Y&type=S&dist=5&basin=La Plata River,NA,NA,Satellite,"Construction complete, 100% operable",100,OSE,"36° 57' 51.260"" N","108° 11' 26.175"" W",36.96423888,-108.1906043,S,La Plata Indian
36,36,108,BW,NA,NA,La Puente,Ch,NA,NA,"Very poor, flume submerged",4008188.305,386181.0602,10/7/09,NA,NA,La Puente,NA,http://meas.ose.state.nm.us/site.jsp?id=124&status=Y&type=S&dist=6&basin=Lower Chama,NA,NA,Manual,Functional_needs_repair,50,OSE,"36° 12' 42.631"" N","106° 15' 58.421"" W",36.21184184,-106.2662279,S,La Puente
83,83,158,x,NA,NA,6,San Juan,NA,NA,matches SJ Water Master shapefile,4093048.299,216019.2333,10/7/09,NA,NA,Larkin Reynolds,SJ,http://meas.ose.state.nm.us/site.jsp?id=96&status=Y&type=S&dist=5&basin=La Plata River,NA,NA,Satellite,"Construction complete, 100% operable",100,OSE,"36° 56' 26.593"" N","108° 11' 19.386"" W",36.9407202,-108.1887183,S,Larkin Reynolds
85,85,160,x,NA,NA,8,San Juan,NA,NA,matches SJ Water Master shapefile,4091142.403,216684.0559,10/7/09,NA,NA,Left Hand,SJ,http://meas.ose.state.nm.us/site.jsp?id=97&status=Y&type=S&dist=5&basin=La Plata River,NA,NA,Satellite,"Construction complete, 100% operable",100,OSE,"36° 55' 25.558"" N","108° 10' 49.981"" W",36.9237661,-108.1805502,S,Left Hand
171,176,316,NA,NA,NA,Llano Ditch,M,NA,NA,Proposed,3629255.11,227472.7271,NA,NA,NA,Llano Ditch,SP,,NA,NA,Manual,NA,0,OSE,"32° 46' 2.870"" N","107° 54' 33.213"" W",32.76746386,-107.9092258,S,Llano Ditch
202,207,367,SDM,NA,NA,Los Ojitos,T,NA,NA,"not GPSed, Los Ojitos -SJM -  moved according to Steve's  location info",3968762.676,409335.2868,3/21/11,NA,NA,Los Ojitos,NA,http://meas.ose.state.nm.us/site.jsp?id=32&status=Y&type=S&dist=6&basin=NPT,NA,NA,RadioTower,Complete,100,OSE,"35° 51' 31.996"" N","106° 0' 14.965"" W",35.85888791,-106.0041571,S,Los Ojitos
201,206,366,SDM,NA,NA,Los Ortizes,T,NA,NA,"not GPSed, Los Ortizes - SJM",3968633.737,409325.3685,3/11/11,NA,NA,Los Ortizes,NA,http://meas.ose.state.nm.us/site.jsp?id=34&status=Y&type=S&dist=6&basin=NPT,NA,NA,RadioTower,Complete,100,OSE,"35° 51' 27.809"" N","106° 0' 15.308"" W",35.85772464,-106.0042522,S,Los Ortizes
56,56,177,jt,SD-05,NA,Acequia Madre de Los Romeros,Gallinas,Rio de Las Gallinas,NA,Gallinas (add to picklist for Basin),3942035.525,477862.0472,10/7/09,NA,NA,Los Romeros,NA,http://meas.ose.state.nm.us/site.jsp?id=55&status=Y&type=S&dist=6&basin=Gallinas,NA,NA,Radio,Completed construction and operable,100,OSE,"35° 37' 18.680"" N","105° 14' 40.081"" W",35.62185544,-105.244467,S,Los Romeros
200,205,365,SDM,NA,NA,Los Romeros,T,NA,NA,"not GPSEd, Los Romeros - SDM",3969721.488,408743.5933,NA,NA,NA,Los Romeros,NA,http://meas.ose.state.nm.us/site.jsp?id=55&status=Y&type=S&dist=6&basin=Gallinas,NA,NA,RadioTower,Complete,100,OSE,"35° 52' 2.915"" N","106° 0' 38.949"" W",35.86747641,-106.0108192,S,Los Romeros
54,54,175,jt,SD-048,NA,Acequia Madre de Los Vigiles,Gallinas,Rio de Las Gallinas,NA,Gallinas (add to picklist for Basin),3944947.333,476331.9538,10/7/09,NA,NA,Los Vigiles,NA,http://meas.ose.state.nm.us/site.jsp?id=52&status=Y&type=S&dist=6&basin=Gallinas,NA,NA,Radio,Completed construction and operable,100,OSE,"35° 38' 53.066"" N","105° 15' 41.216"" W",35.648074,-105.2614489,S,Los Vigiles
65,65,140,zz,NA,NA,8,San Juan,NA,NA,matches SJ Water Master shapefile,4084444.262,235670.148,10/7/09,NA,NA,Lower Animas,SJ,http://meas.ose.state.nm.us/site.jsp?id=248&status=Y&type=S&dist=5&basin=Animas River,NA,NA,Satellite,"Construction complete, 100% operable",100,OSE,"36° 52' 8.330"" N","107° 57' 55.233"" W",36.86898062,-107.9653424,S,Lower Animas
9,9,71,jt,lower cons,NA,Lower Consolidated,N,NA,<Null>,Lower Consolidated,3972172.669,413253.3607,10/7/09,NA,NA,Lower Consolidated,NA,http://meas.ose.state.nm.us/site.jsp?id=28&status=Y&type=S&dist=6&basin=NPT,NA,flume,Radio,Complete,100,OSE,"35° 53' 23.940"" N","105° 57' 40.101"" W",35.88998335,-105.9611393,S,Lower Consolidated
184,189,329,NA,NA,NA,Macedonio,M,NA,NA,Proposed,3614501.713,231874.9752,NA,NA,NA,Macedonio,SP,http://meas.ose.state.nm.us/site.jsp?id=198&status=Y&type=S&dist=3&basin=Mimbres Basin,NA,NA,Manual,NA,0,OSE,"32° 38' 8.249"" N","107° 51' 28.942"" W",32.63562472,-107.8580394,S,Macedonio
58,58,179,jt,SD-02824,NA,Acequia Madre de Las Vegas,Gallinas,Rio de Las Gallinas,NA,Gallinas (add to picklist for Basin),3939424.7,479516.9294,10/7/09,NA,NA,Madre de Las Vegas,NA,http://meas.ose.state.nm.us/site.jsp?id=63&status=Y&type=S&dist=6&basin=Gallinas,NA,NA,Radio,Completed construction and operable,100,OSE,"35° 35' 54.063"" N","105° 13' 34.054"" W",35.59835074,-105.2261262,S,Madre de Las Vegas
41,41,113,BW,NA,NA,Manzanares y Montoya,Ch,NA,NA,"functional, not equipped with instrumentation",4005356.631,391156.7997,10/7/09,NA,NA,Manzanares y Montoya,NA,http://meas.ose.state.nm.us/site.jsp?id=229&status=Y&type=S&dist=6&basin=Lower Chama,NA,NA,Manual,Complete,0,OSE,"36° 11' 12.808"" N","106° 12' 37.769"" W",36.18689104,-106.2104915,S,Manzanares y Montoya
145,148,279,CN,NA,NA,Mariano Ditch,Other,<Null>,NA,"existing, not automated",4008889.97,385876.3388,NA,NA,NA,Mariano Ditch,RG,http://meas.ose.state.nm.us/site.jsp?id=125&status=Y&type=S&dist=6&basin=Lower Chama,NA,NA,Manual,Complete,100,NA,"36° 13' 5.269"" N","106° 16' 10.990"" W",36.21813032,-106.2697194,S,Mariano Ditch
186,191,331,PA,NA,NA,Martin,M,NA,NA,Installed,3611783.347,229594.6289,NA,NA,NA,Martin,SP,http://meas.ose.state.nm.us/site.jsp?id=107&status=Y&type=S&dist=3&basin=Mimbres Basin,NA,NA,Satellite,Complete,0,OSE,"32° 36' 38.081"" N","107° 52' 53.525"" W",32.61057817,-107.8815346,S,Martin
40,40,112,BW,NA,NA,J.V. Martinez,Ch,NA,NA,"completely non functional, needs replacement",4006274.088,389663.9747,10/7/09,NA,NA,Martinez,NA,,NA,NA,NA,Defunct_needs_replacement,0,OSE,"36° 11' 41.970"" N","106° 13' 37.990"" W",36.19499159,-106.2272195,S,Martinez
43,43,115,BW,NA,NA,Martinez y Duranes,Ch,NA,NA,"poor condition, geometry compromised, needs complete replacement",4004708.599,392071.3088,10/7/09,NA,NA,Martinez y Duranes,NA,http://meas.ose.state.nm.us/site.jsp?id=126&status=Y&type=S&dist=6&basin=Lower Chama,NA,NA,Manual,Functional_needs_repair,0,OSE,"36° 10' 52.148"" N","106° 12' 0.842"" W",36.18115229,-106.2002338,S,Martinez y Duranes
84,84,159,x,NA,NA,7,San Juan,NA,NA,matches SJ Water Master shapefile,4091761.459,216237.0612,10/7/09,NA,NA,McDermott,SJ,http://meas.ose.state.nm.us/site.jsp?id=98&status=Y&type=S&dist=5&basin=La Plata River,NA,NA,Satellite,"Construction complete, 100% operable",100,OSE,"36° 55' 45.133"" N","108° 11' 8.856"" W",36.92920354,-108.1857932,S,McDermott
229,234,448,CN,NA,NA,NA,NA,NA,NA,MWUA,0,0,NA,NA,NA,Miami Lake Long Flume,NA,http://meas.ose.state.nm.us/site.jsp?id=163&status=Y&type=S&dist=7&basin=Cimarron River,NA,NA,NA,Complete,0,NA,NA,NA,36.345973,-104.891967,S,Miami Lake Long Flume
235,240,454,CN,NA,NA,NA,NA,NA,NA,Chase Ranch,0,0,NA,NA,NA,Middle Chase Ditch,NA,http://meas.ose.state.nm.us/site.jsp?id=172&status=Y&type=S&dist=7&basin=Cimarron River,NA,NA,NA,Complete,0,NA,NA,NA,36.54749,-104.920746,S,Middle Chase Ditch
89,89,164,NA,NA,NA,Montoya Flume,M,NA,NA,The Distance field is the distance (m) from GNIS_Name Mimbres River.,3642635.468,220296.3843,10/7/09,NA,NA,Montoya Flume,SP,http://meas.ose.state.nm.us/site.jsp?id=108&status=Y&type=S&dist=3&basin=Mimbres Basin,NA,NA,Satellite,"Construction complete, 100% operable",100,OSE,"32° 53' 10.309"" N","107° 59' 23.221"" W",32.88619691,-107.9897836,S,Montoya Flume
254,259,474,CN,NA,NA,"MORENO CREEK AT EAGLE NEST, N. MEX.",NA,NA,NA,ISC is now handling this gauge - used to be USGS,0,0,1/2/15,NA,NA,Moreno Creek,NA,http://meas.ose.state.nm.us/site.jsp?id=186&status=Y&type=S&dist=7&basin=Cimarron River,NA,NA,NA,Complete,0,OSE,NA,NA,0,0,S,Moreno Creek
163,168,340,cn,NA,NA,NA,N,USGS,NA,Nambe Falls Reservoir,3967197,418174,NA,NA,NA,Nambe Falls Reservoir,NA,,NA,NA,Satellite,Complete,100,USGS,"35° 50' 43.986"" N","105° 54' 22.013"" W",35.84555153,-105.9061148,S,Nambe Falls Reservoir
11,11,73,jt,highline,NA,Nambe Pueblo Highline,N,nambe,<Null>,Highline,3968791.714,415806.0538,10/7/09,NA,NA,Nambe Pueblo Highline,NA,,NA,flume,Radio,Complete,100,OSE,"35° 51' 35.018"" N","105° 55' 57.007"" W",35.85972725,-105.932502,S,Nambe Pueblo Highline
181,186,326,NA,NA,NA,Nan,M,NA,NA,Installed,3617277.043,233287.852,NA,NA,NA,Nan,SP,,NA,NA,Satellite,Complete,0,OSE,"32° 39' 39.498"" N","107° 50' 37.633"" W",32.66097156,-107.8437871,S,Nan
149,154,292,CN,NA,NA,New Model Canal,NA,NA,NA,NA,3623263.492,120542.8373,8/20/10,NA,NA,New Model Canal,VV,http://meas.ose.state.nm.us/site.jsp?id=116&status=Y&type=S&dist=3&basin=Gila Basin,NA,NA,Satellite,Complete,100,OSE,"32° 40' 54.779"" N","109° 2' 46.129"" W",32.68188311,-109.046147,S,New Model Canal
210,215,393,CP,HC 1,NA,NA,NA,NA,NA,NA,3678486.76,563515.9999,1/24/14,NA,NA,Nine Mile Dump,NA,,NA,NA,NA,NA,0,NA,"33° 14' 36.525"" N","104° 19' 5.520"" W",33.24347907,-104.3182001,S,Nine Mile Dump
75,75,150,zz,NA,NA,15,San Juan,NA,NA,matches SJ Water Master shapefile,4070775.757,217003.832,10/7/09,NA,NA,North Farmington/Wright-Leggett,SJ,http://meas.ose.state.nm.us/site.jsp?id=79&status=Y&type=S&dist=5&basin=Animas River,NA,NA,Satellite,"Construction complete, 100% operable",100,OSE,"36° 44' 25.964"" N","108° 10' 9.790"" W",36.74054551,-108.1693862,S,North Farmington/Wright-Leggett
233,238,452,CN,NA,NA,NA,NA,NA,NA,Philmont Scout Ranch,0,0,NA,NA,NA,North Side Rayado,NA,,NA,NA,NA,Planned_fyr,0,NA,NA,NA,36.370012,-104.937504,S,North Side Rayado
189,194,334,PA,NA,NA,O'Sullivan-McSherry-Pena,M,NA,NA,Installed,3610728.707,228277.6468,NA,NA,NA,O'Sullivan-McSherry-Pena,SP,http://meas.ose.state.nm.us/site.jsp?id=110&status=Y&type=S&dist=3&basin=Mimbres Basin,NA,NA,Satellite,Complete,0,OSE,"32° 36' 2.714"" N","107° 53' 42.891"" W",32.60075386,-107.8952475,S,O'Sullivan-McSherry-Pena
238,243,457,CN,NA,NA,NA,NA,NA,NA,WS Ranch,0,0,NA,NA,NA,Old Mill Ditch,NA,http://meas.ose.state.nm.us/site.jsp?id=170&status=Y&type=S&dist=7&basin=Cimarron River,NA,NA,NA,Complete,0,NA,NA,NA,36.511245,-104.946854,S,Old Mill Ditch
143,146,276,CN,NA,NA,NA,NA,NA,NA,Upper Chama- Parkview from Kent's map,4066692.642,366970.2963,10/26/09,NA,NA,Parkview Ditch Gage,NA,http://meas.ose.state.nm.us/site.jsp?id=36&status=Y&type=S&dist=6&basin=Upper Chama,NA,NA,RadioTower,Complete,0,OSE,"36° 44' 11.913"" N","106° 29' 23.808"" W",36.73664253,-106.4899466,S,Parkview Ditch Gage
178,183,323,NA,NA,NA,Parra,M,NA,NA,Installed,3621609.316,233416.4826,NA,NA,NA,Parra,SP,http://meas.ose.state.nm.us/site.jsp?id=111&status=Y&type=S&dist=3&basin=Mimbres Basin,NA,NA,Satellite,Complete,0,OSE,"32° 42' 0.126"" N","107° 50' 37.157"" W",32.70003509,-107.8436546,S,Parra
207,212,390,CP,SD 01380,NA,NA,NA,NA,NA,NA,3861404.3,532467.0001,1/24/14,NA,NA,PDL-East,NA,http://meas.ose.state.nm.us/site.jsp?id=149&status=Y&type=S&dist=2&basin=Fort Sumner,NA,NA,NA,NA,0,NA,"34° 53' 40.300"" N","104° 38' 40.775"" W",34.89452784,-104.6446599,S,PDL-East
206,211,389,CP,SD 01379,NA,NA,NA,NA,NA,new D2,3859300.63,529700.9999,1/24/14,NA,NA,PDL-West,NA,http://meas.ose.state.nm.us/site.jsp?id=148&status=Y&type=S&dist=2&basin=Fort Sumner,NA,NA,NA,NA,0,NA,"34° 52' 32.314"" N","104° 40' 30.025"" W",34.87564279,-104.675007,S,PDL-West
174,179,319,NA,NA,NA,Perrault,M,NA,NA,Proposed,3627849.436,229145.9518,NA,NA,NA,Perrault,SP,http://meas.ose.state.nm.us/site.jsp?id=194&status=Y&type=S&dist=3&basin=Mimbres Basin,NA,NA,Manual,NA,0,OSE,"32° 45' 18.768"" N","107° 53' 27.507"" W",32.75521321,-107.8909742,S,Perrault
241,246,460,CN,NA,NA,NA,NA,NA,NA,Philmont Scout Ranch,0,0,NA,NA,NA,Philmont Canal,NA,http://meas.ose.state.nm.us/site.jsp?id=176&status=Y&type=S&dist=7&basin=Cimarron River,NA,NA,NA,Complete,0,NA,NA,NA,36.530199,-105.006204,S,Philmont Canal
244,249,463,CN,NA,NA,NA,NA,NA,NA,Philmont Scout Ranch,0,0,NA,NA,NA,Philmont Cito,NA,http://meas.ose.state.nm.us/site.jsp?id=178&status=Y&type=S&dist=7&basin=Cimarron River,NA,NA,NA,Complete,0,NA,NA,NA,36.46737,-104.983038,S,Philmont Cito
245,250,464,CN,NA,NA,NA,NA,NA,NA,Philmont Scout Ranch,0,0,NA,NA,NA,Philmont Urraca,NA,,NA,NA,NA,Planned_fyr,0,NA,NA,NA,36.441175,-104.976509,S,Philmont Urraca
243,248,462,CN,NA,NA,NA,NA,NA,NA,Philmont Scout Ranch,0,0,NA,NA,NA,Philmont Webster,NA,http://meas.ose.state.nm.us/site.jsp?id=177&status=Y&type=S&dist=7&basin=Cimarron River,NA,NA,NA,Complete,0,NA,NA,NA,36.479968,-105.018371,S,Philmont Webster
142,145,275,CN,NA,NA,NA,NA,NA,NA,Upper Chama-  Porvenir from Kent's map,4066672.356,366969.282,10/26/09,NA,NA,Porvenir Ditch Gage,NA,http://meas.ose.state.nm.us/site.jsp?id=37&status=Y&type=S&dist=6&basin=Upper Chama,NA,NA,RadioTower,Complete,0,OSE,"36° 44' 11.254"" N","106° 29' 23.836"" W",36.73645957,-106.4899545,S,Porvenir Ditch Gage
35,35,107,BW,NA,NA,Quintana,Ch,NA,NA,Condition functional,4008557.67,385479.6209,10/7/09,NA,NA,Quintana,NA,http://meas.ose.state.nm.us/site.jsp?id=227&status=Y&type=S&dist=6&basin=Lower Chama,NA,NA,Manual,Functional_needs_repair,100,OSE,"36° 12' 54.318"" N","106° 16' 26.701"" W",36.21508826,-106.2740837,S,Quintana
60,60,135,zz,NA,NA,2,San Juan,NA,NA,matches SJ Water Master shapefile,4096825.635,244764.2208,10/7/09,NA,NA,Ralston,SJ,http://meas.ose.state.nm.us/site.jsp?id=80&status=Y&type=S&dist=5&basin=Animas River,NA,NA,Satellite,"Construction complete, 100% operable",100,OSE,"36° 58' 58.634"" N","107° 52' 3.415"" W",36.98295399,-107.8676154,S,Ralston
72,72,147,zz,NA,NA,13,San Juan,NA,NA,matches SJ Water Master shapefile,4075612.13,224582.7323,10/7/09,NA,NA,Ranchmans,SJ,http://meas.ose.state.nm.us/site.jsp?id=81&status=Y&type=S&dist=5&basin=Animas River,NA,NA,Satellite,"Construction complete, 100% operable",100,OSE,"36° 47' 10.718"" N","108° 5' 10.918"" W",36.7863105,-108.086366,S,Ranchmans
139,142,271,JM,RG 00000 UNK,0,RG 00000 UNK,T,NA,NA,DOM,3957473.022,415696.3517,10/7/09,NA,NA,RG 00000 UNK,RG,,NA,UNK,Check Meter Manually,Completed construction and operable,100,OSE,"35° 45' 27.646"" N","105° 55' 57.083"" W",35.75767944,-105.9325231,G,RG 00000 UNK
105,105,234,JM,RG 01111,1111,RG 01111,T,NA,NA,DOL,3969658.867,409411.1227,10/7/09,NA,NA,RG 01111,RG,,NA,NA,Check Meter Manually,Completed construction and operable,100,OSE,"35° 52' 1.106"" N","106° 0' 12.309"" W",35.86697388,-106.0034191,G,RG 01111
135,136,265,JM,RG 01111 CLW,1111,RG 01111 CLW,T,NA,NA,DOM,3969661.161,409410.8562,10/7/09,NA,NA,RG 01111 CLW,RG,,NA,CLW,Check Meter Manually,Completed construction and operable,100,OSE,"35° 52' 1.180"" N","106° 0' 12.320"" W",35.86699453,-106.0034223,G,RG 01111 CLW
106,106,235,JM,RG 03317 CLW,3317,RG 03317 CLW,T,NA,NA,DOL,3968957.224,408965.0467,10/7/09,NA,NA,RG 03317 CLW,RG,,NA,CLW,Check Meter Manually,Completed construction and operable,100,OSE,"35° 51' 38.187"" N","106° 0' 29.805"" W",35.86060737,-106.0082793,G,RG 03317 CLW
138,141,270,JM,RG 15423,15423,RG 15423,T,NA,NA,IRR,3956594.571,416426.6459,10/7/09,NA,NA,RG 15423,RG,,NA,NA,Check Meter Manually,Completed construction and operable,100,OSE,"35° 44' 59.361"" N","105° 55' 27.676"" W",35.74982243,-105.9243543,G,RG 15423
103,103,232,JM,RG 26561,26561,RG 26561,T,NA,NA,DOL,3967836.443,410233.3959,10/7/09,NA,NA,RG 26561,RG,,NA,NA,Check Meter Manually,Completed construction and operable,100,OSE,"35° 51' 2.235"" N","105° 59' 38.786"" W",35.85062082,-105.9941071,G,RG 26561
110,110,239,JM,RG 28166,28166,RG 28166,T,NA,NA,DOL,3967337.727,411036.412,10/7/09,NA,NA,RG 28166,RG,,NA,NA,Check Meter Manually,Completed construction and operable,100,OSE,"35° 50' 46.314"" N","105° 59' 6.575"" W",35.84619822,-105.9851598,G,RG 28166
113,113,242,JM,RG 40064,40064,RG 40064,T,NA,NA,DOM,3956548.714,416167.8485,10/7/09,NA,NA,RG 40064,RG,,NA,NA,Check Meter Manually,Completed construction and operable,100,OSE,"35° 44' 57.793"" N","105° 55' 37.962"" W",35.74938699,-105.9272116,G,RG 40064
125,126,255,JM,RG 42564,42564,RG 42564 (radio?),T,NA,NA,DOM,3970505.149,408455.0383,10/7/09,NA,NA,RG 42564 - Burgoyne  Radio Monitoring,RG,,42564,NA,RadioTower,Completed construction and operable,80,OSE,"35° 52' 28.250"" N","106° 0' 50.778"" W",35.87451397,-106.014105,G,RG 42564 - Burgoyne  Radio Monitoring
126,127,256,JM,RG 42625,42625,RG 42625,T,NA,NA,DOM,3958500.924,415494.1593,10/7/09,NA,NA,RG 42625,RG,,NA,NA,Check Meter Manually,Completed construction and operable,100,OSE,"35° 46' 0.943"" N","105° 56' 5.524"" W",35.76692871,-105.9348678,G,RG 42625
141,144,280,JP,RG 42766,42766,RG 42766,T,NA,NA,monitoring well for Eugene Thaw,3956492.624,416223.3276,NA,NA,NA,RG 42766,RG,,NA,NA,Manual,Complete,100,OSE,"35° 44' 55.990"" N","105° 55' 35.732"" W",35.74888607,-105.9265922,G,RG 42766
127,128,257,JM,RG 46351,46351,RG 46351,T,NA,NA,MUL,3967756.639,410066.7233,10/7/09,NA,NA,RG 46351,RG,,NA,NA,Check Meter Manually,Completed construction and operable,100,OSE,"35° 50' 59.590"" N","105° 59' 45.397"" W",35.84988612,-105.9959437,G,RG 46351
137,140,269,JM,RG 58127,58127,RG 58127,T,NA,NA,DOM,3958393.068,415951.4515,10/7/09,NA,NA,RG 58127,RG,,NA,NA,Check Meter Manually,Completed construction and operable,100,OSE,"35° 45' 57.584"" N","105° 55' 47.274"" W",35.7659956,-105.9297982,G,RG 58127
133,134,263,JM,RG 72250,72250,NPT GW Monitoring - Radio (soon),T,NA,NA,DOM,3967106.065,411555.1741,10/7/09,NA,NA,RG 72250,RG,,NA,NA,RadioTower,Completed construction and operable,80,OSE,"35° 50' 38.964"" N","105° 58' 45.805"" W",35.84415677,-105.9793903,G,RG 72250
131,132,261,JM,RG 85229,85229,RG 85229 (radio?),T,NA,NA,DOM,3957504.238,416794.201,10/7/09,NA,NA,RG 85229,RG,,NA,NA,Check Meter Manually,Completed construction and operable,80,OSE,"35° 45' 28.996"" N","105° 55' 13.382"" W",35.75805438,-105.9203839,G,RG 85229
132,133,262,JM,RG 86318,86318,RG 86318,T,NA,NA,MUL,3967064.465,410728.597,10/7/09,NA,NA,RG 86318,RG,,NA,NA,Check Meter Manually,Completed construction and operable,100,OSE,"35° 50' 37.345"" N","105° 59' 18.735"" W",35.84370682,-105.9885375,G,RG 86318
112,112,241,JM,RG 11784,11784,RG 11784,T,NA,NA,DOL,3968154.026,408742.5705,10/7/09,NA,NA,RG-11784,RG,,NA,NA,Check Meter Manually,Completed construction and operable,100,OSE,"35° 51' 12.046"" N","106° 0' 38.344"" W",35.85334604,-106.0106511,G,RG-11784
99,99,228,JM,RG 18984,18984,RG-18984,T,NA,NA,DOL,3970261.993,408664.5282,10/7/09,NA,NA,RG-18984,RG,,18984,NA,Check Meter Manually,Completed construction and operable,100,OSE,"35° 52' 20.430"" N","106° 0' 42.324"" W",35.87234155,-106.0117568,G,RG-18984
119,119,248,JM,RG 22427,22427,RG 22427,T,NA,NA,DOL,3969504.753,409295.7753,10/7/09,NA,NA,RG-22427,RG,,NA,NA,Check Meter Manually,Completed construction and operable,100,OSE,"35° 51' 56.066"" N","106° 0' 16.844"" W",35.8655739,-106.004679,G,RG-22427
116,116,245,JM,RG 25001,25001,NPT GW Monitoring,NA,NA,NA,DOL,3972188.404,411413.8702,10/7/09,NA,NA,RG-25001,RG,,NA,NA,Check Meter Manually,Completed construction and operable,100,OSE,"35° 53' 23.857"" N","105° 58' 53.471"" W",35.88996038,-105.9815196,G,RG-25001
102,102,231,JM,RG 25420,25420,NPT GW Monitoring,NA,NA,NA,DOL,3975995.593,411302.8293,10/7/09,NA,NA,RG-25420,RG,,NA,NA,Check Meter Manually,Completed construction and operable,100,OSE,"35° 55' 27.376"" N","105° 58' 59.427"" W",35.92427119,-105.9831743,G,RG-25420
117,117,246,JM,RG 25507,25507,RG 25507,T,NA,NA,DOL,3957538.887,415639.0572,10/7/09,NA,NA,RG-25507,RG,,NA,NA,Check Meter Manually,Completed construction and operable,100,OSE,"35° 45' 29.766"" N","105° 55' 59.389"" W",35.7582683,-105.9331638,G,RG-25507
109,109,238,JM,RG 27802,27802,RG 27802,T,NA,NA,DOL,3969071.687,408920.0681,10/7/09,NA,NA,RG-27802,RG,,NA,NA,Check Meter Manually,Completed construction and operable,100,OSE,"35° 51' 41.886"" N","106° 0' 31.646"" W",35.86163505,-106.0087905,G,RG-27802
120,120,249,JM,RG 33361,33361,RG 33361,T,NA,NA,DOL,3969649.41,409261.7891,10/7/09,NA,NA,RG-33361,RG,,NA,NA,Check Meter Manually,Completed construction and operable,100,OSE,"35° 52' 0.749"" N","106° 0' 18.259"" W",35.8668748,-106.0050719,G,RG-33361
101,101,230,JM,RG 37812,37812,NPT GW Monitoring,NA,NA,NA,DOL,3972853.904,409525.7414,10/7/09,NA,NA,RG-37812,RG,,NA,NA,Check Meter Manually,Completed construction and operable,100,OSE,"35° 53' 44.833"" N","106° 0' 9.045"" W",35.8957869,-106.0025126,G,RG-37812
118,118,247,JM,RG 37827,37827,RG 37827,T,NA,NA,DOL,3969191.496,409063.7396,10/7/09,NA,NA,RG-37827,RG,,NA,NA,Check Meter Manually,Completed construction and operable,100,OSE,"35° 51' 45.822"" N","106° 0' 25.967"" W",35.86272845,-106.0072131,G,RG-37827
30,30,102,BW,NA,NA,NA,Ch,NA,NA,<Null>,4011169.276,372684.0722,10/7/09,NA,NA,Rio Chama Below Abiquiu Dam USG 08287000,RG,,NA,NA,Other,Complete,100,USGS,"36° 14' 13.294"" N","106° 25' 0.575"" W",36.23702617,-106.4168264,S,Rio Chama Below Abiquiu Dam USG 08287000
198,203,361,CN,NA,NA,NA,NA,NA,NA,"not GPSed, Rio en Medio",3964476.417,419443.1293,NA,NA,NA,Rio en Medio,NA,http://meas.ose.state.nm.us/site.jsp?id=140&status=Y&type=S&dist=6&basin=NPT,NA,NA,RadioTower,Complete,100,OSE,"35° 49' 16.069"" N","105° 53' 30.437"" W",35.82113035,-105.8917879,S,Rio en Medio
23,23,85,NA,NA,NA,Rio Nambe Above Dam USGS 08294195,N,USGS,<Null>,Rio Nambe Above Dam USGS 08294195,3967681.262,419232.5607,10/7/09,NA,NA,Rio Nambe Above Dam,NA,,NA,flume,Satellite,Complete,100,USGS,"35° 51' 0.018"" N","105° 53' 39.995"" W",35.850005,-105.894443,S,Rio Nambe Above Dam
22,22,84,NA,NA,NA,Rio Nambe Below dam USGS 08294210,N,USGS,<Null>,Rio Nambe Below dam USGS 08294210,3967262.079,417849.0076,10/7/09,NA,NA,Rio Nambe Below Dam,NA,,NA,flume,Satellite,Complete,100,USGS,"35° 50' 46.000"" N","105° 54' 34.992"" W",35.84611103,-105.90972,S,Rio Nambe Below Dam
59,59,180,j6,SD-0124,NA,Round House Ditch,Gallinas,Rio de Las Gallinas,NA,Gallinas (add to picklist for Basin),3937962.997,480456.3528,10/7/09,NA,NA,Round House,NA,http://meas.ose.state.nm.us/site.jsp?id=57&status=Y&type=S&dist=6&basin=Gallinas,NA,NA,Radio,Completed construction and operable,100,OSE,"35° 35' 6.685"" N","105° 12' 56.592"" W",35.58519031,-105.2157199,S,Round House
224,229,443,CN,NA,NA,NA,NA,NA,NA,Blacksten Farms,0,0,NA,NA,NA,S.D.C. Town of Springer,NA,http://meas.ose.state.nm.us/site.jsp?id=166&status=Y&type=S&dist=7&basin=Cimarron River,NA,NA,NA,Complete,0,NA,NA,NA,36.432282,-104.707433,S,S.D.C. Town of Springer
167,172,341,CN,29,2771,San Augustin,Gallinas,NA,NA,from HSB,3924725.971,485786.465,NA,NA,NA,San Augustin,NA,http://meas.ose.state.nm.us/site.jsp?id=134&status=Y&type=S&dist=6&basin=Gallinas,NA,NA,RadioTower,Complete,100,OSE,"35° 27' 57.341"" N","105° 9' 23.958"" W",35.46592798,-105.156655,S,San Augustin
2,2,64,jt,san ild4ef,NA,San Ildefonso,P,poajaque,<Null>,San Ildefonso,3972907.838,400594.8862,10/7/09,NA,NA,San Ildefonso,NA,http://meas.ose.state.nm.us/site.jsp?id=41&status=Y&type=S&dist=6&basin=NPT,NA,flume,Radio,Complete,100,OSE,"35° 53' 43.463"" N","106° 6' 5.268"" W",35.89540633,-106.1014632,S,San Ildefonso
252,257,471,CN,NA,NA,NA,NA,NA,NA,Harold Daniels,0,0,NA,NA,NA,Santa Clara Spring,NA,http://meas.ose.state.nm.us/site.jsp?id=184&status=Y&type=S&dist=7&basin=Santa Clara Spring,NA,NA,NA,Complete,0,NA,NA,NA,36.039771,-104.72924,S,Santa Clara Spring
66,66,141,zz,NA,NA,7,San Juan,NA,NA,matches SJ Water Master shapefile,4085491.062,235967.2896,10/7/09,NA,NA,Sargent,SJ,http://meas.ose.state.nm.us/site.jsp?id=82&status=Y&type=S&dist=5&basin=Animas River,NA,NA,Satellite,"Construction complete, 100% operable",100,OSE,"36° 52' 42.555"" N","107° 57' 44.558"" W",36.87848758,-107.9623773,S,Sargent
216,221,399,CP,SP 6 & C 700,NA,SP-6 & C-700,NA,NA,NA,NA,3584296.86,583249.0001,1/24/14,NA,NA,Sibley Well Spill,NA,http://meas.ose.state.nm.us/site.jsp?id=158&status=Y&type=S&dist=2&basin=Carlsbad,NA,NA,NA,NA,0,NA,"32° 23' 33.313"" N","104° 6' 53.512"" W",32.39258705,-104.1148645,S,Sibley Well Spill
215,220,398,CP,SP 6 & C 700,NA,SP-6 & C-700,NA,NA,NA,NA,3584845.89,583584.9999,1/24/14,NA,NA,Sibley/Edeal Pump,NA,,NA,NA,NA,NA,0,NA,"32° 23' 51.051"" N","104° 6' 40.478"" W",32.39751426,-104.1112439,S,Sibley/Edeal Pump
255,260,475,CN,NA,NA,"Sixmile Creek near Eagle Nest, NM",NA,NA,NA,ISC is now handling this gauge - used to be USGS,0,0,1/2/15,NA,NA,Sixmile Creek,NA,http://meas.ose.state.nm.us/site.jsp?id=188&status=Y&type=S&dist=7&basin=Cimarron River,NA,NA,NA,Complete,0,OSE,NA,NA,0,0,S,Sixmile Creek
96,96,171,NA,NA,NA,SLCD East Meter,M,NA,NA,The Distance field is the distance (m) from Flowline ObjectID 14272.,3636987.315,223846.6654,10/7/09,NA,NA,SLCD East Meter,SP,,NA,NA,Manual_download,Planned_fyr,100,OSE,"32° 50' 10.379"" N","107° 57' 0.690"" W",32.83621634,-107.9501917,S,SLCD East Meter
164,169,313,NA,NA,NA,SLCD East Meter,M,NA,NA,Proposed,3636987.315,223846.6654,NA,NA,NA,SLCD East Meter,SP,,NA,NA,Manual,Future_planning,0,OSE,"32° 50' 10.379"" N","107° 57' 0.690"" W",32.83621634,-107.9501917,S,SLCD East Meter
97,97,172,NA,NA,NA,SLCD West Meter,M,NA,NA,The Distance field is the distance (m) from GNIS_Name Mimbres River.,3636884.836,223851.3473,10/7/09,NA,NA,SLCD West Meter,SP,,NA,NA,Manual_download,Planned_fyr,100,OSE,"32° 50' 7.060"" N","107° 57' 0.400"" W",32.83529432,-107.9501112,S,SLCD West Meter
165,170,314,NA,NA,NA,SLCD West Meter,M,NA,NA,Proposed,3636884.836,223851.3473,NA,NA,NA,SLCD West Meter,SP,,NA,NA,Manual,Future_planning,0,OSE,"32° 50' 7.060"" N","107° 57' 0.400"" W",32.83529432,-107.9501112,S,SLCD West Meter
232,237,451,CN,NA,NA,NA,NA,NA,NA,Philmont Scout Ranch,0,0,NA,NA,NA,South Side Rayado,NA,,NA,NA,NA,Planned_fyr,0,NA,NA,NA,36.368083,-104.939492,S,South Side Rayado
226,231,445,CN,NA,NA,NA,NA,NA,NA,Springer Ditch Co.,0,0,NA,NA,NA,Springer Ditch Below Springer Lake,NA,http://meas.ose.state.nm.us/site.jsp?id=167&status=Y&type=S&dist=7&basin=Cimarron River,NA,NA,NA,Complete,0,NA,NA,NA,36.415804,-104.646471,S,Springer Ditch Below Springer Lake
223,228,442,CN,NA,NA,NA,NA,NA,NA,Blacksten Farms,0,0,NA,NA,NA,Springer Ditch Highline,NA,http://meas.ose.state.nm.us/site.jsp?id=165&status=Y&type=S&dist=7&basin=Cimarron River,NA,NA,NA,Complete,0,NA,NA,NA,36.432276,-104.707223,S,Springer Ditch Highline
63,63,138,zz,NA,NA,5,San Juan,NA,NA,matches SJ Water Master shapefile,4091563.461,241404.6319,10/7/09,NA,NA,Stacey,SJ,http://meas.ose.state.nm.us/site.jsp?id=83&status=Y&type=S&dist=5&basin=Animas River,NA,NA,Satellite,"Construction complete, 100% operable",100,OSE,"36° 56' 4.783"" N","107° 54' 12.659"" W",36.93466183,-107.9035163,S,Stacey
53,53,174,jt,SP-341,NA,Storrie Project,Gallinas,Rio de Las Gallinas,NA,Gallinas (add to picklist for Basin),3944595.393,477169.4135,10/7/09,NA,NA,Storrie,NA,http://meas.ose.state.nm.us/site.jsp?id=53&status=Y&type=S&dist=6&basin=Gallinas,NA,NA,Radio,Completed construction and operable,100,OSE,"35° 38' 41.714"" N","105° 15' 7.877"" W",35.64492049,-105.2521881,S,Storrie
153,158,291,CN,NA,NA,Sunset Canal,NA,NA,NA,from Praveena,3624805.751,120646.4236,8/20/10,NA,NA,Sunset Canal,VV,http://meas.ose.state.nm.us/site.jsp?id=117&status=Y&type=S&dist=3&basin=Gila Basin,NA,NA,Satellite,Complete,100,OSE,"32° 41' 44.867"" N","109° 2' 44.418"" W",32.69579639,-109.0456717,S,Sunset Canal
177,182,322,NA,NA,NA,Swartz,M,NA,NA,Installed,3622703.189,233055.2883,NA,NA,NA,Swartz,SP,http://meas.ose.state.nm.us/site.jsp?id=112&status=Y&type=S&dist=3&basin=Mimbres Basin,NA,NA,Satellite,Complete,0,OSE,"32° 42' 35.291"" N","107° 50' 52.140"" W",32.7098031,-107.8478167,S,Swartz
173,178,318,NA,NA,NA,Tajo,M,NA,NA,Proposed,3628569.767,228067.5142,NA,NA,NA,Tajo,SP,http://meas.ose.state.nm.us/site.jsp?id=193&status=Y&type=S&dist=3&basin=Mimbres Basin,NA,NA,Manual,NA,0,OSE,"32° 45' 41.172"" N","107° 54' 9.659"" W",32.76143676,-107.9026829,S,Tajo
225,230,444,CN,NA,NA,NA,NA,NA,NA,Blacksten Farms,0,0,NA,NA,NA,Taylor Drop,NA,http://meas.ose.state.nm.us/site.jsp?id=168&status=Y&type=S&dist=7&basin=Cimarron River,NA,NA,NA,Complete,0,NA,NA,NA,36.423266,-104.682613,S,Taylor Drop
21,21,83,NA,NA,NA,Tesuque Creek USGS 08302500,T,NA,<Null>,<Null>,3955483.25,418769.3886,10/7/09,NA,NA,Tesuque Creek USGS 08302500,NA,,NA,flume,Radio,Complete,100,USGS,"35° 44' 24.000"" N","105° 53' 53.999"" W",35.73999993,-105.898333,S,Tesuque Creek USGS 08302500
197,202,360,CN,NA,NA,Tesuque Pueblo Pond,T,NA,NA,"not GPSed,  renamed (added Pond) per Brian/Jina 4/1/2011",3959344.87,414739.2869,NA,NA,NA,Tesuque Pueblo Pond,NA,http://meas.ose.state.nm.us/site.jsp?id=131&status=Y&type=S&dist=6&basin=NPT,NA,NA,RadioTower,Complete,100,OSE,"35° 46' 28.098"" N","105° 56' 35.908"" W",35.77447174,-105.9433076,S,Tesuque Pueblo Pond
196,201,359,CN,NA,NA,Tesuque Pueblo Stream Gage,T,NA,NA,not GPSed,3959023.998,414931.9225,NA,NA,NA,Tesuque Pueblo Stream Gage,NA,,NA,NA,RadioTower,Complete,100,OSE,"35° 46' 17.745"" N","105° 56' 28.113"" W",35.77159577,-105.9411425,S,Tesuque Pueblo Stream Gage
39,39,111,BW,NA,NA,Tierra Azul,Ch,NA,NA,"defunct, needs complete replacement",4006707.409,388874.9039,10/7/09,NA,NA,Tierra Azul,NA,http://meas.ose.state.nm.us/site.jsp?id=127&status=Y&type=S&dist=6&basin=Lower Chama,NA,NA,NA,Defunct_needs_replacement,0,OSE,"36° 11' 55.705"" N","106° 14' 9.800"" W",36.19880705,-106.2360556,S,Tierra Azul
191,196,336,NA,NA,NA,"Tigner ""A""",M,NA,NA,Proposed,3604121.386,225787.3776,NA,NA,NA,"Tigner ""A""",SP,,NA,NA,Manual,NA,0,OSE,"32° 32' 26.206"" N","107° 55' 11.356"" W",32.54061278,-107.9198212,S,"Tigner ""A"""
190,195,335,PA,NA,NA,Tigner 1,M,NA,NA,Installed,3608263.485,225962.7116,NA,NA,NA,Tigner 1,SP,http://meas.ose.state.nm.us/site.jsp?id=113&status=Y&type=S&dist=3&basin=Mimbres Basin,NA,NA,Satellite,Complete,100,OSE,"32° 34' 40.704"" N","107° 55' 8.995"" W",32.5779734,-107.9191653,S,Tigner 1
193,198,338,NA,NA,NA,Tigner B,M,NA,NA,Proposed,3601831.498,225724.0992,NA,NA,NA,Tigner B,SP,,NA,NA,Manual,Future_planning,0,OSE,"32° 31' 11.881"" N","107° 55' 11.374"" W",32.51996685,-107.9198262,S,Tigner B
70,70,145,yy,NA,NA,2,San Juan,NA,NA,The Distance field is the distance (m) from GNIS_Name San Juan River.,4071869.054,255043.4458,10/7/09,NA,NA,Turley,SJ,http://meas.ose.state.nm.us/site.jsp?id=88&status=Y&type=S&dist=5&basin=San Juan River,NA,NA,Satellite,"Construction complete, 100% operable",100,OSE,"36° 45' 39.500"" N","107° 44' 39.098"" W",36.76097208,-107.7441939,S,Turley
188,193,333,PA,NA,NA,Tustin-McIntosh,M,NA,NA,Installed,3611344.353,229270.3271,NA,NA,NA,Tustin-McIntosh,SP,http://meas.ose.state.nm.us/site.jsp?id=114&status=Y&type=S&dist=3&basin=Mimbres Basin,NA,NA,Satellite,Complete,0,OSE,"32° 36' 23.558"" N","107° 53' 5.495"" W",32.60654376,-107.8848598,S,Tustin-McIntosh
51,51,134,zz,NA,NA,1,San Juan,NA,NA,matches SJ Water Master shapefile,4098659.697,244689.5092,10/7/09,NA,NA,Twin Rocks,SJ,http://meas.ose.state.nm.us/site.jsp?id=84&status=Y&type=S&dist=5&basin=Animas River,NA,NA,Satellite,"Construction complete, 100% operable",100,OSE,"36° 59' 58.006"" N","107° 52' 8.668"" W",36.99944599,-107.8690745,S,Twin Rocks
234,239,453,CN,NA,NA,NA,NA,NA,NA,Chase Ranch,0,0,NA,NA,NA,Upper Chase Ditch,NA,http://meas.ose.state.nm.us/site.jsp?id=173&status=Y&type=S&dist=7&basin=Cimarron River,NA,NA,NA,Complete,0,NA,NA,NA,36.569536,-104.93745,S,Upper Chase Ditch
10,10,72,jt,upper cons,NA,Upper Consolidated,N,NA,<Null>,Upper Consolidated,3970743.157,413811.401,10/7/09,NA,NA,Upper Consolidated,NA,http://meas.ose.state.nm.us/site.jsp?id=43&status=Y&type=S&dist=6&basin=NPT,NA,flume,Radio,Complete,100,OSE,"35° 52' 37.725"" N","105° 57' 17.288"" W",35.87714581,-105.9548023,S,Upper Consolidated
147,150,284,NA,NA,NA,USGS 09432000 Gauge Below Blue Creek on Gila,NA,NA,NA,USGS 09432000 Gauge Below Blue Creek on Gila,3618807.938,139256.8328,NA,NA,http://waterdata.usgs.gov/nwis/uv?09432000,USGS 09432000 Gauge Below Blue Creek on Gila,NA,,NA,NA,NA,NA,100,USGS,"32° 38' 53.000"" N","108° 50' 43.000"" W",32.64805556,-108.8452778,S,USGS 09432000 Gauge Below Blue Creek on Gila
169,174,344,CN,NA,NA,USGS Gallinas Colonias Gage,Ga,NA,NA,cn added 2/28/2011,3893227,509081,NA,NA,NA,USGS Gallinas at Colonias,NA,,NA,NA,Satellite,Complete,100,USGS,"35° 10' 55.069"" N","104° 54' 0.946"" W",35.18196366,-104.9002627,S,USGS Gallinas at Colonias
146,149,282,NA,NA,NA,USGS Gallinas,Ga,NA,NA,USGS Near Montezuma,3945397.475,471138.7942,NA,NA,NA,USGS Gallinas Near Montezuma Gage,NA,,NA,NA,NA,NA,0,USGS,"35° 39' 7.180"" N","105° 19' 7.790"" W",35.65199444,-105.3188306,S,USGS Gallinas Near Montezuma Gage
134,135,264,JM,USGS Monitor Well,0,USGS Monitor Well,T,NA,NA,Mon,3968375.765,410222.8348,10/7/09,NA,NA,USGS Monitor Well,RG,,NA,OSE,Check Meter Manually,Completed construction and operable,100,USGS,"35° 51' 19.734"" N","105° 59' 39.425"" W",35.85548173,-105.9942848,G,USGS Monitor Well
47,47,119,BW,<Null>,NA,Rio Chama nr Chamita,Ch,USGS,NA,USGS River Gauge,3992677.567,399911.0615,10/7/09,NA,NA,USGS Rio Chama near Chamita,NA,,NA,NA,NA,NA,100,USGS,"36° 4' 24.767"" N","106° 6' 41.530"" W",36.07354627,-106.111536,S,USGS Rio Chama near Chamita
242,247,461,CN,NA,NA,NA,NA,NA,NA,Ute Creek Ranch,0,0,NA,NA,NA,Ute Creek Ranch,NA,,NA,NA,NA,Planned_fyr,0,OSE,NA,NA,36.560212,-105.118606,S,Ute Creek Ranch
251,256,470,CN,NA,NA,NA,NA,NA,NA,Express UU Bar Ranch,0,0,NA,NA,NA,UU Bar Cimarron Place,NA,,NA,NA,NA,Planned_fyr,0,OSE,NA,NA,36.479278,-104.876475,S,UU Bar Cimarron Place
37,37,109,BW,NA,NA,Valentine Martinez,Ch,NA,NA,Condition functional,4008535.373,385921.688,10/7/09,NA,NA,Valentine Martinez,NA,http://meas.ose.state.nm.us/site.jsp?id=228&status=Y&type=S&dist=6&basin=Lower Chama,NA,NA,Manual,Functional_needs_repair,0,OSE,"36° 12' 53.782"" N","106° 16' 8.988"" W",36.21493954,-106.2691633,S,Valentine Martinez
231,236,450,CN,NA,NA,NA,NA,NA,NA,Vallejo Polo Ranch,0,0,NA,NA,NA,Vallejo,NA,,NA,NA,NA,Planned_fyr,0,OSE,NA,NA,36.362493,-104.870725,S,Vallejo
195,200,355,NA,NA,NA,NA,Other,NA,NA,"not GPSed,  CN - moved based on Steve's writeup, renamed per Brian/Jina",3964667.944,416797.2016,NA,NA,NA,Vicente Ortiz,NA,http://meas.ose.state.nm.us/site.jsp?id=130&status=Y&type=S&dist=6&basin=NPT,NA,NA,RadioTower,Complete,100,OSE,"35° 49' 21.490"" N","105° 55' 15.945"" W",35.82263611,-105.9210957,S,Vicente Ortiz
214,219,397,CP,SD 0223 & SD 0955,NA,SD-0223-B(d) & SD-0955,NA,NA,NA,NA,3664222,567315.9999,1/27/14,NA,NA,Wanda Haley Rhodes,NA,http://meas.ose.state.nm.us/site.jsp?id=156&status=Y&type=S&dist=2&basin=Roswell,NA,NA,NA,NA,0,other,33 06 52.52   N,"104 16 42.50"" W",33.11425487,-104.2231105,S,Wanda Haley Rhodes
187,192,332,PA,NA,NA,Wardwell_Herron,M,NA,NA,Installed,3611875.628,229477.3002,NA,NA,NA,Wardwell_Herron,SP,http://meas.ose.state.nm.us/site.jsp?id=115&status=Y&type=S&dist=3&basin=Mimbres Basin,NA,NA,Satellite,Complete,0,OSE,"32° 36' 40.971"" N","107° 52' 58.117"" W",32.6113809,-107.8828102,S,Wardwell_Herron
168,173,342,CN,38,2153,West Chaperito,Gallinas,NA,NA,NA,3916199.113,502772.9434,NA,NA,<Null>,West Chaperito,NA,http://meas.ose.state.nm.us/site.jsp?id=135&status=Y&type=S&dist=6&basin=Gallinas,NA,NA,RadioTower,Complete,100,OSE,"35° 23' 20.907"" N","104° 58' 10.081"" W",35.38914077,-104.9694669,S,West Chaperito
74,74,149,zz,NA,NA,16,San Juan,NA,NA,matches SJ Water Master shapefile,4069985.715,216528.1449,10/7/09,NA,NA,Willet,SJ,http://meas.ose.state.nm.us/site.jsp?id=85&status=Y&type=S&dist=5&basin=Animas River,NA,NA,Satellite,"Construction complete, 100% operable",100,OSE,"36° 43' 59.853"" N","108° 10' 27.887"" W",36.73329243,-108.1744131,S,Willet
32,32,104,BW,NA,NA,Winfield Morton,Ch,NA,NA,metered pump,4008396.928,378850.8646,10/7/09,NA,NA,Winfield Morton,NA,,NA,NA,Manual,Complete,0,OSE,"36° 12' 46.194"" N","106° 20' 52.038"" W",36.21283168,-106.3477884,S,Winfield Morton
239,244,458,CN,NA,NA,NA,NA,NA,NA,WS Ranch,0,0,NA,NA,NA,WS French Lake,NA,http://meas.ose.state.nm.us/site.jsp?id=175&status=Y&type=S&dist=7&basin=Cimarron River,NA,NA,NA,Complete,0,OSE,NA,NA,36.511444,-104.922989,S,WS French Lake
240,245,459,CN,NA,NA,NA,NA,NA,NA,WS Ranch,0,0,NA,NA,NA,WS Nash Steepe,NA,,NA,NA,NA,Planned_fyr,0,OSE,NA,NA,36.519597,-104.974748,S,WS Nash Steepe
236,241,455,CN,NA,NA,NA,NA,NA,NA,WS Ranch,0,0,NA,NA,NA,WS South Side Ponil,NA,,NA,NA,NA,Planned_fyr,0,OSE,NA,NA,36.518764,-104.899349,S,WS South Side Ponil